Name, Rate, Phone Numbers that Start With, 
Afghanistan,0.430,"93, 9370, 9375, 9377, 9378, 9379"
Albania,0.150,"355, 3554"
Albania,0.483,"35567, 35568, 35569"
Algeria,0.159,21321
Algeria,0.176,213
Algeria,0.264,"2131, 2135, 2136, 2137, 2139, 21355, 21361, 21362, 21363, 21364, 21366, 21369, 21377, 21379"
"American Samoa",0.113,"1684, 16842"
Andorra,0.092,376
Andorra,0.457,"3763, 3764, 3766"
Angola,0.253,244
Angola,0.371,"2449, 24491, 24492"
Anguilla,0.189,1264
Anguilla,0.318,"1264235, 1264469, 1264476, 1264536, 1264537, 1264538, 1264539, 1264543, 1264581, 1264582, 1264583, 1264584, 1264729, 1264772"
"Antigua and Barbuda",0.195,"1268, 126872, 126877, 126878, 1268222, 1268268, 1268404, 1268406, 1268409, 1268464, 1268480, 1268481, 1268555, 1268732, 1268734, 1268736, 1268739, 1268764, 1268770, 1268771, 1268772, 1268773, 1268774, 1268775, 1268776, 1268778, 1268779, 1268938"
Argentina,0.030,"54, 5411, 54221, 54223, 54230, 54232, 54237, 54261, 54291, 54299, 54341, 54342, 54348, 54351, 54353, 54354, 54358, 54381, 54387, 542293, 542362"
Argentina,0.280,"549, 54911"
Armenia,0.136,"374, 3741"
Armenia,0.167,37447
Armenia,0.347,"3747, 3749, 37477, 37491, 37493, 37494, 37497, 37498, 37499"
Aruba,0.167,297
Aruba,0.281,297660
Aruba,0.339,"2971, 29756, 29759, 29773, 29774, 29791, 29796, 29799, 297127, 297800, 297900, 297990, 297992, 297993, 297994, 297995, 297996, 297997, 297998, 297999"
Ascension,0.885,247
"Australia/Cocos/Christmas Island",0.040,"61, 61261, 61881, 61882, 61883, 61884, 61892, 61893, 61894"
"Australia/Cocos/Christmas Island",0.100,"611, 614, 615, 6107, 6108, 6116, 61145, 61147, 61400, 61401, 61402, 61403, 61404, 61405, 61406, 61407, 61408, 61409, 61410, 61411, 61412, 61413, 61414, 61415, 61416, 61417, 61418, 61419, 61421, 61422, 61423, 61424, 61425, 61427, 61428, 61429, 61430, 61431, 61432, 61433, 61434, 61435, 61437, 61438, 61439, 61447, 61448, 61449, 61450, 61451, 61458, 61466, 614202, 614203, 614204, 614205, 614206, 614207, 614208, 614209, 614880, 614881, 614882, 614883, 614884, 614885, 614886, 614887, 614889"
Austria,0.030,"43, 431"
Austria,0.150,"4368, 43454, 43644, 43661, 43665, 43667, 43668, 43678"
Austria,0.150,43660
Austria,0.150,"43650, 43663, 43664, 43666, 43669, 43676, 43680, 43681, 43688, 43699"
Austria,0.450,"438, 439, 4350, 4357, 4359, 43677, 43711, 43720, 43730, 43740, 43780, 43810, 43820, 436555, 4369988, 4369989"
Azerbaijan,0.342,"994, 99412, 99444, 99451, 99460"
Azerbaijan,0.348,"99440, 99450, 99455, 99470"
Bahamas,0.071,"1242, 1242357, 1242359, 1242424, 1242457, 1242557"
Bahrain,0.252,"973, 97317, 97377, 973133, 973135, 973160, 973161, 973165, 973166"
Bahrain,0.326,"9733, 97336, 97339, 973377, 973383, 973388"
Bangladesh,0.092,"880, 8802, 88031, 880821"
Bangladesh,0.097,"8801, 88011, 88017, 88018, 88019"
Barbados,0.150,1246
Barbados,0.290,"1246250, 1246251, 1246252, 1246253, 1246254"
Barbados,0.351,"124623, 124624, 124625, 124626, 124645, 124652, 124682, 124683, 1246256, 1246257, 1246258, 1246259, 1246446, 1246447, 1246448, 1246449, 1246530, 1246531, 1246532, 1246533, 1246534"
Belarus,0.416,"375, 37517, 375172, 375173, 375175"
Belarus,0.430,"3750, 37525, 37529, 37533, 37544, 37560, 37580, 375259, 375291, 375292, 375293, 375294, 375295, 375296, 375297, 375298, 375299, 375810, 375820, 375902"
Belgium,0.030,"32, 322, 327, 3217, 3218, 3246, 3290, 3294, 3295, 3296, 3297, 3298, 3299"
Belgium,0.200,"3244, 3245, 3247, 3248, 3249, 3270, 3288, 32470, 32471"
Belize,0.360,"501, 5012"
Belize,0.404,5016
Benin,0.316,229
Benin,0.341,"2299, 22990, 22993, 22994, 22995, 22996, 22997, 22998"
Bermuda,0.122,1441
Bhutan,0.273,975
Bolivia,0.115,"59122, 59133, 59144"
Bolivia,0.194,591
Bolivia,0.213,"5911, 5917, 59170, 59171, 59172, 59173, 59174, 59176, 59177, 59179"
"Bosnia and Herzegovina",0.199,"387, 3875, 38731, 38733, 38734, 38739, 387304, 387363, 387364, 387366, 387368, 387492, 387493, 387497, 3873064, 3873065, 3873070, 3873071, 3873073, 3873074, 3873079, 3873080, 3873087, 3873288, 3873289, 3873677, 3873678"
"Bosnia and Herzegovina",0.517,"3876, 3877, 3878, 3879, 38761, 38762, 38763, 38765, 38766"
Botswana,0.152,267
Botswana,0.332,"2677, 26771, 26772, 26773, 26774, 26775"
Brazil,0.030,"55111, 55112, 55113, 55114, 55115, 55211, 55212, 55213, 55214, 55215, 55311, 55312, 55313, 55314, 55315"
Brazil,0.040,"55, 5511, 5512, 5513, 5514, 5515, 5516, 5517, 5518, 5519, 5521, 5531, 5533, 5537, 5538, 5541, 5542, 5543, 5544, 5545, 5551, 5562, 5565, 5569, 5573, 5575, 5581, 5582, 5583, 5592, 55120, 55121, 55122, 55123, 55124, 55125, 55130, 55131, 55132, 55133, 55134, 55135, 55150, 55151, 55152, 55153, 55154, 55155, 55190, 55191, 55192, 55193, 55194, 55195, 55270, 55271, 55272, 55273, 55274, 55275, 55331, 55332, 55333, 55334, 55335, 55342, 55343, 55344, 55345, 55350, 55351, 55352, 55353, 55354, 55355, 55411, 55412, 55413, 55414, 55415, 55431, 55432, 55433, 55434, 55435, 55470, 55471, 55472, 55473, 55474, 55475, 55480, 55481, 55482, 55483, 55484, 55485, 55511, 55512, 55513, 55514, 55515, 55610, 55611, 55612, 55613, 55614, 55615, 55621, 55622, 55623, 55624, 55625, 55650, 55651, 55652, 55653, 55654, 55655, 55670, 55671, 55672, 55673, 55674, 55675, 55710, 55711, 55712, 55713, 55714, 55715, 55730, 55731, 55732, 55733, 55734, 55735, 55811, 55812, 55813, 55814, 55815, 55820, 55821, 55822, 55823, 55824, 55825, 55830, 55831, 55832, 55833, 55834, 55835, 55840, 55841, 55842, 55843, 55844, 55845, 55850, 55851, 55852, 55853, 55854, 55855, 55910, 55911, 55912, 55913, 55914, 55915, 55920, 55921, 55922, 55923, 55924, 55925, 55982, 55983, 55984, 55985, 55991, 55992, 55993, 55994, 55995"
Brazil,0.240,"55116, 55117, 55118, 55119, 55126, 55127, 55128, 55129, 55136, 55137, 55138, 55139, 55146, 55147, 55148, 55149, 55156, 55157, 55158, 55159, 55166, 55167, 55168, 55169, 55176, 55177, 55178, 55179, 55186, 55187, 55188, 55189, 55196, 55197, 55198, 55199, 55206, 55207, 55208, 55209, 55216, 55217, 55218, 55219, 55226, 55227, 55228, 55229, 55236, 55237, 55238, 55239, 55246, 55247, 55248, 55249, 55256, 55257, 55258, 55259, 55266, 55267, 55268, 55269, 55276, 55277, 55278, 55279, 55286, 55287, 55288, 55289, 55296, 55297, 55298, 55299, 55306, 55307, 55308, 55309, 55316, 55317, 55318, 55319, 55326, 55327, 55328, 55329, 55336, 55337, 55338, 55339, 55346, 55347, 55348, 55349, 55356, 55357, 55358, 55359, 55366, 55367, 55368, 55369, 55376, 55377, 55378, 55379, 55386, 55387, 55388, 55389, 55396, 55397, 55398, 55399, 55406, 55407, 55408, 55409, 55416, 55417, 55418, 55419, 55426, 55427, 55428, 55429, 55436, 55437, 55438, 55439, 55446, 55447, 55448, 55449, 55456, 55457, 55458, 55459, 55466, 55467, 55468, 55469, 55476, 55477, 55478, 55479, 55486, 55487, 55488, 55489, 55496, 55497, 55498, 55499, 55506, 55507, 55508, 55509, 55516, 55517, 55518, 55519, 55526, 55527, 55528, 55529, 55536, 55537, 55538, 55539, 55546, 55547, 55548, 55549, 55556, 55557, 55558, 55559, 55566, 55567, 55568, 55569, 55576, 55577, 55578, 55579, 55586, 55587, 55588, 55589, 55596, 55597, 55598, 55599, 55606, 55607, 55608, 55609, 55616, 55617, 55618, 55619, 55626, 55627, 55628, 55629, 55636, 55637, 55638, 55639, 55646, 55647, 55648, 55649, 55656, 55657, 55658, 55659, 55666, 55667, 55668, 55669, 55676, 55677, 55678, 55679, 55686, 55687, 55688, 55689, 55696, 55697, 55698, 55699, 55706, 55707, 55708, 55709, 55716, 55717, 55718, 55719, 55726, 55727, 55728, 55729, 55736, 55737, 55738, 55739, 55746, 55747, 55748, 55749, 55756, 55757, 55758, 55759, 55766, 55767, 55768, 55769, 55776, 55777, 55778, 55779, 55786, 55787, 55788, 55789, 55796, 55797, 55798, 55799, 55806, 55807, 55808, 55809, 55816, 55817, 55818, 55819, 55826, 55827, 55828, 55829, 55836, 55837, 55838, 55839, 55846, 55847, 55848, 55849, 55856, 55857, 55858, 55859, 55866, 55867, 55868, 55869, 55876, 55877, 55878, 55879, 55886, 55887, 55888, 55889, 55896, 55897, 55898, 55899, 55906, 55907, 55908, 55909, 55916, 55917, 55918, 55919, 55926, 55927, 55928, 55929, 55936, 55937, 55938, 55939, 55946, 55947, 55948, 55949, 55956, 55957, 55958, 55959, 55966, 55967, 55968, 55969, 55976, 55977, 55978, 55979, 55986, 55987, 55988, 55989, 55996, 55997, 55998, 55999"
Brunei,0.078,"673, 6738"
Bulgaria,0.071,"359, 3592"
Bulgaria,0.071,"359430, 359437, 359438, 359439"
Bulgaria,0.130,"35917, 35948, 35988, 35998, 35999"
Bulgaria,0.621,"35987, 35989"
"Burkina Faso",0.353,"226, 2262, 2266, 2267, 2268, 22657, 22658, 22659, 22670, 22671, 22675, 22676, 22678"
Burundi,0.358,"257, 25729, 25776, 25777, 25778, 25779"
Cambodia,0.148,"855, 8551, 8559, 85523, 85581, 85583, 85584, 85589"
Cameroon,0.237,"237337, 237339, 237340, 237341, 237342, 237343, 237347"
Cameroon,0.342,"237, 237223"
Cameroon,0.378,"2374, 2375, 2376, 2377, 2378, 2379, 237225"
Canada,0.299,1867
"Cape Verde",0.435,"238, 2389"
"Cayman Islands",0.129,1345
"Cayman Islands",0.276,"134523, 134524, 134525, 134526, 134527, 134528, 134529, 134532, 1345229, 1345235, 1345249, 1345320, 1345514, 1345516, 1345517, 1345525, 1345526, 1345527, 1345529, 1345545, 1345546, 1345547, 1345548, 1345549, 1345616, 1345617, 1345623, 1345625, 1345626, 1345629, 1345630, 1345640, 1345645, 1345646, 1345647, 1345649, 1345663, 1345849, 1345916, 1345917, 1345919, 1345922, 1345923, 1345924, 1345925, 1345926, 1345927, 1345928, 1345929, 1345936, 1345937, 1345938, 1345939, 1345948, 1345990"
"Central Africa",0.640,"236, 23670, 23672, 23675, 23677"
Chad,0.481,"235, 2353, 2356, 2357, 2359, 23524, 23525"
Chile,0.047,"56, 562"
Chile,0.115,"5611, 5615, 5632, 5667, 56219, 56700, 562917, 563019, 563119, 563221, 563225, 563319, 563419, 563519, 563619, 563719, 563819, 563919, 564019, 564119, 564219, 564319, 564419, 564519, 564619, 564719, 564819, 564919, 565019, 565119, 565219, 565319, 565419, 565519, 565619, 565719, 565819, 565919, 566019, 566119, 566219, 566319, 566419, 566519, 566619, 566719, 566819, 566919, 567019, 567119, 567219, 567319, 567419, 567519, 567619, 567719, 567819, 567919"
Chile,0.339,"569, 5688"
Chile,0.760,"5644, 56612, 56613, 56614, 56615, 56616, 56617, 56618, 56619, 562196, 562197, 562198, 562572, 562593, 562788, 562868, 5632196, 5632197, 5632198, 5632210, 5632255, 5633196, 5633197, 5633198, 5634196, 5634197, 5634198, 5635196, 5635197, 5635198, 5641196, 5641197, 5641198, 5642196, 5642197, 5642198, 5643196, 5643197, 5643198, 5645196, 5645197, 5645198, 5651196, 5651197, 5651198, 5652196, 5652197, 5652198, 5653196, 5653197, 5653198, 5655196, 5655197, 5655198, 5657196, 5657197, 5657198, 5658196, 5658197, 5658198, 5661196, 5661197, 5661198, 5663196, 5663197, 5663198, 5664196, 5664197, 5664198, 5665196, 5665197, 5665198, 5667196, 5667197, 5667198, 5671196, 5671197, 5671198, 5672196, 5672197, 5672198, 5673196, 5673197, 5673198, 5675196, 5675197, 5675198"
China,0.030,"86, 8610, 8613, 8615, 8621, 86150, 86151, 86152, 86153, 86155, 86156, 86157, 86158, 86159, 86188, 86189, 86591"
Colombia,0.055,"5712, 5713, 5714, 5715, 5716, 5717, 5723, 5724, 5725, 5726, 5742, 5743, 5744, 5745, 57288, 57289, 57532, 57533, 57534, 57535, 57536, 57537"
Colombia,0.078,"57, 57227, 57228, 57538, 57565, 57566, 57567, 57631, 57632, 57633, 57634, 57635, 57680, 57687, 57688, 57763, 57764, 57765, 57767, 57768, 575680, 575681, 576736, 576737, 576738, 576739, 576740, 576741, 576744, 576745, 576746, 576747, 576748, 576749, 576897, 576898, 576899, 577616, 577617, 5763515, 5763516, 5776907, 5776908, 5776909, 5776913, 5776914"
Colombia,0.185,"573, 57300, 57301, 57302, 57304, 57310, 57311, 57312, 57313, 57314, 57315, 57316, 57317, 57318, 57320, 57321, 57350"
Comoros,0.885,"269, 2693, 2696, 2697, 26920, 26921, 26922, 26923, 26924, 26925, 26927, 26928, 26929, 26965, 26966, 26967, 26968, 26969"
Congo,0.316,"242, 2424, 2425, 2426, 2427"
"Congo, Dem Rep",0.483,"243, 2438, 2439, 24368, 24378, 24381, 24382, 24384, 24385, 24389, 24397, 24398, 24399"
"Costa Rica",0.094,"506, 5061, 5063, 5068, 506283, 506284, 506712"
Croatia,0.062,385
Croatia,0.369,"3859, 38560, 38561, 38562, 38576, 38577, 38591, 38592, 38595, 38597, 38598, 38599, 385800"
Cyprus,0.054,357
Cyprus,0.099,"3577, 3579, 35796, 357976, 357977, 357990, 357991, 357992, 357993, 357994, 357995, 357996, 357998, 357999, 3579971, 3579974, 3579975, 3579976, 3579977, 3579978, 3579979"
"Czech Republic",0.054,"420, 4202"
"Czech Republic",0.386,"4206, 4207, 4209, 42072, 42073, 42077, 42079, 42093, 420601, 420602, 420603, 420604, 420605, 420606, 420607, 420608, 420961, 420962, 420963, 420964, 420965, 420966, 420967"
Denmark,0.020,"45, 453"
Denmark,0.100,"45532, 45534, 455330, 455331, 455332, 455334, 455335, 455336, 455337, 455338, 455339"
Denmark,0.100,"455370, 455371, 455372, 455373, 455374, 455375"
Denmark,0.100,"4552, 4580, 4590, 45420, 45421, 45422, 45423, 45424, 45425, 45521, 45522, 45523, 45524, 45531, 45535, 45536, 45539, 45922, 454260, 454270, 454280, 455319"
Denmark,0.100,"452, 4521, 4522, 4524, 4526, 4528, 4529, 4530, 4531, 4540, 4541, 4542, 4550, 4551, 4560, 4561, 4570, 45201, 45202, 45203, 45204, 45205, 45206, 45207, 45208, 45209, 45211, 45212, 45213, 45214, 45215, 45216, 45217, 45218, 45219, 45231, 45232, 45233, 45234, 45235, 45236, 45237, 45238, 45241, 45242, 45243, 45244, 45245, 45246, 45247, 45248, 45249, 45251, 45252, 45253, 45254, 45255, 45256, 45261, 45262, 45263, 45264, 45265, 45266, 45267, 45268, 45269, 45271, 45272, 45273, 45274, 45275, 45276, 45277, 45278, 45279, 45281, 45282, 45283, 45284, 45285, 45286, 45287, 45288, 45289, 45291, 45292, 45293, 45294, 45295, 45296, 45297, 45298, 45299, 45301, 45302, 45303, 45304, 45305, 45306, 45307, 45308, 45309, 45311, 45312, 45314, 45315, 45316, 45317, 45318, 45401, 45402, 45403, 45404, 45405, 45406, 45407, 45408, 45409, 45501, 45502, 45507, 45508, 45509, 45511, 45512, 45513, 45514, 45515, 45516, 45517, 45519, 45601, 45602, 45603, 45604, 45608, 45611, 45612, 45613, 45615, 45616, 45617, 45721, 452390, 452391, 452392, 452393, 452394, 452395, 452396, 452397, 452398, 452399, 453130, 453132, 453133, 453134, 453135, 453136, 453137, 453138, 453139, 454276, 454277, 454278, 454279, 454281, 454282, 454283, 454284, 454285, 454286, 454287, 454288, 454289, 454290, 454291, 454292, 454293, 454294, 454295, 454296, 454297, 454298, 454299, 455063, 455064, 455068, 455069, 455180, 455181, 455182, 455183, 455184, 455185, 455186, 455187, 455188, 455189, 456091, 456092, 456093, 456094, 456095, 456098, 456140, 456141, 456142, 456143, 456144, 456145, 456146, 456147, 456148, 456149, 4531310, 4531311, 4531312, 4531313, 4531314, 4531315, 4531316, 4531317, 4531318, 4531319"
Djibouti,0.551,"253, 25380, 25381, 25382, 25383, 25384, 25385"
Dominica,0.348,"1767, 1767225, 1767235, 1767245, 1767265, 1767266, 1767275, 1767276, 1767277, 1767285, 1767295, 1767315, 1767316, 1767317, 1767447, 1767611, 1767612, 1767613, 1767614, 1767615, 1767616"
"Dominican Republic",0.084,"1809202, 1809213, 1809220, 1809221, 1809227, 1809231, 1809233, 1809234, 1809236, 1809237, 1809238, 1809239, 1809241, 1809245, 1809247, 1809255, 1809262, 1809263, 1809273, 1809274, 1809275, 1809276, 1809285, 1809286, 1809287, 1809289, 1809295, 1809312, 1809314, 1809328, 1809329, 1809331, 1809332, 1809333, 1809334, 1809335, 1809336, 1809337, 1809338, 1809362, 1809363, 1809364, 1809369, 1809372, 1809373, 1809375, 1809378, 1809379, 1809381, 1809384, 1809385, 1809412, 1809422, 1809435, 1809472, 1809473, 1809476, 1809482, 1809483, 1809489, 1809503, 1809508, 1809518, 1809530, 1809531, 1809532, 1809533, 1809534, 1809535, 1809536, 1809540, 1809541, 1809544, 1809547, 1809548, 1809549, 1809570, 1809575, 1809576, 1809582, 1809583, 1809612, 1809616, 1809620, 1809621, 1809622, 1809623, 1809625, 1809626, 1809655, 1809679, 1809681, 1809682, 1809683, 1809684, 1809685, 1809686, 1809687, 1809688, 1809689, 1809692, 1809699, 1809701, 1809724, 1809726, 1809728, 1809730, 1809731, 1809732, 1809734, 1809735, 1809736, 1809738, 1809740, 1809741, 1809745, 1809748, 1809766, 1809784, 1809788, 1809792, 1809793, 1809794, 1809795, 1809797, 1809825, 1809826, 1809870, 1809872, 1809887, 1809893, 1829473, 1829503, 1829535, 1829538, 1829545, 1829565, 1829567, 1829575, 1829581, 1829582, 1829583, 1829590, 1829593, 1829594, 1829595, 1829596, 1829597, 1829681, 1829687, 1829688, 1829724, 1829948, 1829949, 1829971, 18092226, 18092227, 18092228, 18092260, 18092261, 18092262, 18092263, 18092267, 18092268, 18092403, 18092408, 18092427, 18092433, 18092435, 18092438, 18092650, 18092774, 18094700, 18094709, 18094710, 18094711, 18094712, 18094713, 18094714, 18094716, 18094717, 18094718, 18094719, 18095233, 18095234, 18095235, 18095236, 18095237, 18095265, 18095384, 18095385, 18095386, 18095387, 18095388, 18095389, 18095390, 18095394, 18095395, 18095396, 18095397, 18095398, 18095452, 18095453, 18095455, 18095458, 18095596, 18095597, 18095598, 18095715, 18095716, 18095745, 18095788, 18095800, 18095801, 18095803, 18095805, 18095806, 18095807, 18095808, 18095810, 18095811, 18095813, 18095814, 18095815, 18095816, 18095817, 18095818, 18095819, 18095851, 18095855, 18095871, 18095873, 18095874, 18095875, 18095876, 18097550, 18097551, 18097552, 18097553, 18097554, 18097556, 18097700, 18097701, 18097702, 18097703, 18097704, 18097708, 18097709, 180922291, 180922690, 180922691, 180922692, 180922693, 180922695, 180922697, 180922698, 180922699, 180924093, 180924098, 180924300, 180927790, 180947639, 180952390, 180952392, 180952393, 180952394, 180952395, 180952396, 180952397, 180952398, 180952399, 180952690, 180952691, 180952692, 180952693, 180952694, 180952696, 180952697, 180952698, 180952699, 180953990, 180953991, 180953994, 180953995, 180953996, 180953997, 180953998, 180953999, 180954570, 180955990, 180955991, 180955994, 180955996, 180955997, 180955998, 180955999, 180958090, 180958091, 180958093, 180958094, 180958095, 180958096, 180958097, 180958098, 180958099, 180958700, 180958701, 180958702, 180958703, 180958704, 180958706, 180958707, 180958708, 180958709, 180958790, 180958793, 180958794, 180958795, 180958796, 180958799, 180958919, 180963350, 180963351"
"Dominican Republic",0.084,"1809, 1829, 180956, 180959, 1829234, 1829235, 1829236, 1829237, 1829541, 1829946, 1829951, 1829952, 1829955, 1829999, 18299472"
"Dominican Republic",0.144,"1829412, 1829413, 1829414, 1829416, 1829417"
"Dominican Republic",0.144,"1809716, 1809717, 1809718, 1809719, 1829415, 1829422, 1829430, 1829440, 1829441, 1829442, 1829443, 1829444, 1829445, 1829446, 1829449"
"Dominican Republic",0.150,"182996, 1809711, 1829281, 1829284, 1829285, 1829286, 1829287, 1829299, 1829410, 1829432, 1829447, 1829448, 1829450, 1829456, 1829465, 1829470, 1829471, 1829472, 1829474, 1829491, 1829492, 1829493, 1829494, 1829496, 1829497, 1829498, 1829499, 1829512, 1829513, 1829514, 1829517, 1829518, 1829519, 1829537, 1829539, 1829540, 1829542, 1829560, 1829561, 1829562, 1829566, 1829568, 1829569, 1829570, 1829577, 1829580, 1829585, 1829662, 1829664, 1829669, 1829701, 1829702, 1829705, 1829709"
"Dominican Republic",0.150,"1809350, 1809351, 1809352, 1809353, 1809354, 1809355, 1809356, 1809357, 1809358, 1809359, 1809660, 1809661, 1809662, 1809663, 1809664, 1809665, 1809666, 1809667, 1809668, 1809669, 1809710, 1809712, 1809713, 1809714, 1809715, 1809840, 1809841, 1809842, 1809843, 1809844, 1809845, 1809846, 1809847, 1809848, 1809849, 1809850, 1809851, 1809852, 1809853, 1809854, 1809855, 1809856, 1809857, 1809858, 1829280, 1829282, 1829283, 1829288, 1829290, 1829292, 1829296, 1829297, 1829298, 1829424, 1829425, 1829426, 1829427, 1829428, 1829429, 1829451, 1829452, 1829453, 1829454, 1829455, 1829466, 1829467, 1829468, 1829469, 1829510, 1829515, 1829586, 1829707, 18092223, 18092224, 18092225, 18092480, 18092482, 18092484, 18092485, 18092486, 18092487, 18092488, 18092651, 18092652, 18092653, 18092654, 18092655, 18092656, 18092657, 18092658, 18092659, 18094701, 18094702, 18094703, 18094704, 18094705, 18094706, 18094707, 18094708, 18095157, 18095158, 18095159, 18095450, 18095451, 18095454, 18095456, 18095459, 18098597, 18098598, 180951569, 180954290, 180954291, 180954292, 180954293, 180954295, 180954296, 180954297, 180954298, 180985990, 180985991, 180985992, 180985993, 180985994, 180985995, 180985996, 180985997"
"Dominican Republic",0.281,"1809201, 1809203, 1809204, 1809205, 1809206, 1809207, 1809208, 1809209, 1809210, 1809212, 1809214, 1809215, 1809216, 1809217, 1809218, 1809219, 1809222, 1809223, 1809224, 1809225, 1809228, 1809229, 1809230, 1809232, 1809235, 1809248, 1809249, 1809250, 1809251, 1809252, 1809253, 1809254, 1809256, 1809257, 1809258, 1809259, 1809260, 1809264, 1809265, 1809266, 1809267, 1809268, 1809269, 1809270, 1809271, 1809272, 1809280, 1809281, 1809282, 1809283, 1809284, 1809292, 1809293, 1809297, 1809298, 1809299, 1809301, 1809302, 1809303, 1809304, 1809305, 1809306, 1809307, 1809308, 1809309, 1809310, 1809313, 1809315, 1809316, 1809317, 1809318, 1809319, 1809321, 1809322, 1809323, 1809324, 1809325, 1809326, 1809327, 1809330, 1809340, 1809341, 1809342, 1809343, 1809344, 1809345, 1809348, 1809360, 1809361, 1809366, 1809368, 1809370, 1809371, 1809374, 1809376, 1809377, 1809382, 1809383, 1809386, 1809387, 1809388, 1809389, 1809401, 1809402, 1809403, 1809404, 1809405, 1809406, 1809407, 1809408, 1809409, 1809410, 1809413, 1809414, 1809415, 1809416, 1809417, 1809418, 1809419, 1809420, 1809421, 1809423, 1809424, 1809425, 1809426, 1809427, 1809428, 1809429, 1809430, 1809431, 1809432, 1809433, 1809434, 1809436, 1809437, 1809438, 1809439, 1809451, 1809452, 1809453, 1809454, 1809455, 1809456, 1809457, 1809458, 1809459, 1809460, 1809461, 1809462, 1809463, 1809464, 1809465, 1809467, 1809470, 1809474, 1809475, 1809477, 1809478, 1809479, 1809480, 1809481, 1809484, 1809485, 1809486, 1809487, 1809488, 1809501, 1809502, 1809504, 1809505, 1809506, 1809507, 1809509, 1809510, 1809512, 1809513, 1809514, 1809515, 1809516, 1809517, 1809519, 1809520, 1809537, 1809542, 1809543, 1809545, 1809546, 1809601, 1809602, 1809603, 1809604, 1809605, 1809606, 1809607, 1809608, 1809609, 1809610, 1809613, 1809614, 1809615, 1809617, 1809618, 1809619, 1809624, 1809627, 1809628, 1809629, 1809630, 1809631, 1809632, 1809633, 1809634, 1809635, 1809636, 1809637, 1809638, 1809639, 1809650, 1809651, 1809652, 1809653, 1809654, 1809656, 1809657, 1809658, 1809659, 1809670, 1809671, 1809672, 1809673, 1809674, 1809675, 1809676, 1809677, 1809678, 1809693, 1809694, 1809695, 1809696, 1809697, 1809698, 1809702, 1809703, 1809704, 1809705, 1809706, 1809707, 1809708, 1809709, 1809720, 1809721, 1809722, 1809723, 1809727, 1809729, 1809742, 1809743, 1809744, 1809747, 1809749, 1809750, 1809751, 1809752, 1809753, 1809754, 1809756, 1809757, 1809758, 1809759, 1809760, 1809761, 1809762, 1809763, 1809764, 1809765, 1809767, 1809768, 1809769, 1809771, 1809772, 1809773, 1809774, 1809775, 1809776, 1809777, 1809778, 1809779, 1809780, 1809781, 1809782, 1809783, 1809785, 1809786, 1809787, 1809789, 1809790, 1809791, 1809796, 1809798, 1809799, 1809801, 1809802, 1809803, 1809804, 1809805, 1809806, 1809807, 1809808, 1809810, 1809812, 1809814, 1809815, 1809816, 1809817, 1809818, 1809819, 1809820, 1809821, 1809827, 1809828, 1809829, 1809830, 1809831, 1809832, 1809834, 1809835, 1809836, 1809837, 1809838, 1809839, 1809871, 1809873, 1809874, 1809875, 1809876, 1809877, 1809878, 1809879, 1809880, 1809881, 1809882, 1809883, 1809884, 1809885, 1809886, 1809888, 1809889, 1809890, 1809891, 1809894, 1809897, 1809899, 1809901, 1809902, 1809903, 1809904, 1809905, 1809906, 1809907, 1809909, 1809910, 1809912, 1809913, 1809914, 1809915, 1809916, 1809917, 1809918, 1809919, 1809920, 1809921, 1809922, 1809923, 1809924, 1809925, 1809926, 1809928, 1809929, 1809930, 1809931, 1809932, 1809935, 1809937, 1809938, 1809939, 1809940, 1809941, 1809942, 1809943, 1809944, 1809945, 1809946, 1809947, 1809948, 1809949, 1809950, 1809952, 1809953, 1809955, 1809956, 1809958, 1809960, 1809961, 1809962, 1809963, 1809964, 1809965, 1809966, 1809967, 1809968, 1809969, 1809971, 1809972, 1809973, 1809974, 1809975, 1809977, 1809978, 1809979, 1809980, 1809981, 1809982, 1809983, 1809984, 1809985, 1809986, 1809988, 1809989, 1809990, 1809991, 1809992, 1809993, 1809994, 1809995, 1809996, 1809997, 1809998, 1809999, 1829201, 1829202, 1829203, 1829205, 1829206, 1829207, 1829208, 1829209, 1829210, 1829212, 1829214, 1829222, 1829230, 1829232, 1829233, 1829248, 1829250, 1829252, 1829255, 1829257, 1829258, 1829259, 1829260, 1829264, 1829265, 1829266, 1829267, 1829268, 1829269, 1829270, 1829271, 1829272, 1829277, 1829303, 1829304, 1829313, 1829314, 1829315, 1829316, 1829317, 1829318, 1829319, 1829320, 1829322, 1829323, 1829328, 1829329, 1829330, 1829331, 1829332, 1829333, 1829334, 1829335, 1829336, 1829337, 1829338, 1829339, 1829370, 1829371, 1829372, 1829373, 1829376, 1829377, 1829380, 1829383, 1829386, 1829387, 1829388, 1829389, 1829390, 1829392, 1829393, 1829394, 1829395, 1829396, 1829397, 1829398, 1829406, 1829543, 1829606, 1829696, 1829697, 1829710, 1829740, 1829744, 1829750, 1829754, 1829755, 1829760, 1829766, 1829770, 1829777, 1829780, 1829788, 1829790, 1829797, 1829799, 1829802, 1829803, 1829805, 1829815, 1829816, 1829817, 1829818, 1829819, 1829820, 1829845, 1829847, 1829848, 1829850, 1829851, 1829852, 1829853, 1829854, 1829855, 1829856, 1829857, 1829858, 1829859, 1829860, 1829861, 1829862, 1829863, 1829865, 1829866, 1829867, 1829868, 1829869, 1829873, 1829875, 1829876, 1829877, 1829878, 1829879, 1829880, 1829881, 1829882, 1829883, 1829885, 1829886, 1829889, 1829890, 1829891, 1829899, 1829901, 1829902, 1829905, 1829909, 1829910, 1829912, 1829913, 1829914, 1829915, 1829916, 1829917, 1829918, 1829919, 1829920, 1829921, 1829922, 1829923, 1829931, 1829935, 1829958, 1829960, 1829961, 1829962, 1829963, 1829964, 1829965, 1829966, 1829967, 1829968, 1829969, 1829972, 1829973, 1829974, 1829975, 1829977, 1829978, 1829979, 1829980, 1829981, 1829982, 1829983, 1829984, 1829986, 1829991, 18092314, 18095150, 18099705, 180997060, 180997061, 180997062, 180997063, 180997064, 180997065, 180997066, 180997067, 180997069"
"Dominican Republic",0.281,"18099, 18293, 180935, 180939, 180944, 180949, 180964, 180965, 180966, 180971, 180984, 180985, 180986, 182928, 182929, 182933, 182934, 182935, 182936, 182941, 182942, 182943, 182944, 182945, 182946, 182947, 182949, 182951, 182952, 182966, 182970, 1809190, 1809300, 1809411, 1809809, 1829204, 1829215, 1829216, 1829217, 1829218, 1829219, 1829221, 1829228, 1829229, 1829254, 1829261, 1829262, 1829263, 1829273, 1829274, 1829275, 1829276, 1829278, 1829279, 1829301, 1829305, 1829306, 1829307, 1829308, 1829309, 1829321, 1829375, 1829379, 1829399, 1829401, 1829402, 1829403, 1829404, 1829405, 1829407, 1829408, 1829409, 1829502, 1829504, 1829505, 1829506, 1829508, 1829509, 1829531, 1829532, 1829533, 1829534, 1829536, 1829601, 1829602, 1829603, 1829604, 1829605, 1829610, 1829613, 1829616, 1829630, 1829633, 1829640, 1829644, 1829646, 1829650, 1829653, 1829654, 1829655, 1829657, 1829660, 1829661, 1829663, 1829665, 1829667, 1829668, 1829676, 1829677, 1829678, 1829686, 1829699, 1829703, 1829704, 1829706, 1829712, 1829713, 1829714, 1829715, 1829716, 1829717, 1829718, 1829719, 1829720, 1829721, 1829722, 1829723, 1829725, 1829726, 1829727, 1829728, 1829729, 1829730, 1829731, 1829747, 1829757, 1829779, 1829787, 1829801, 1829804, 1829806, 1829807, 1829808, 1829810, 1829814, 1829826, 1829830, 1829838, 1829846, 1829849, 1829864, 1829870, 1829884, 1829887, 1829892, 1829898, 1829903, 1829904, 1829906, 1829907, 1829908, 1829924, 1829925, 1829926, 1829929, 1829930, 1829933, 1829939, 1829940, 1829956, 1829970, 1829990, 1829993, 1829994"
Ecuador,0.181,"593, 5932, 5933, 5934, 5935, 5936, 5937, 59322, 59342, 59372, 593740, 5937280, 5937281, 5937282, 5937283, 5937284, 5937286, 59372340, 59372341, 59372375, 59372376, 59372377, 59372385, 59372386, 59372450, 59372451, 59372452, 59372453, 59372475, 59372476, 59372480, 59372850, 59372853, 59372854, 59372855, 59372856, 59372857, 59372858, 59372859, 59372870, 59372871, 59372875, 59372876, 59372877, 59372878, 59372879, 59372880, 59372881, 59372882, 59372883, 59372884, 59372885, 59372886, 59372887, 59372888, 59372890, 59372891, 59372892, 59372893, 59372894, 59372896, 59372897, 59372898, 59372899, 59372900, 593723200, 593723201, 593723202, 593723203, 593723204, 593723205, 593723206, 593723207, 593723300, 593723301, 593723302, 593723303, 593723304, 593723305, 593723420, 593723421, 593723500, 593723501, 593723502, 593723503, 593723504, 593723505, 593723600, 593723601, 593723602, 593723650, 593723651, 593723652, 593723653, 593723654, 593723655, 593723656, 593723657, 593723658, 593723700, 593723701, 593723702, 593723703, 593723704, 593723705, 593723870, 593723871, 593723872, 593723873, 593723874, 593723875, 593723876, 593723877, 593723900, 593723901, 593723902, 593724000, 593724001, 593724002, 593724003, 593724004, 593724005, 593724006, 593724007, 593724400, 593724401, 593724402, 593724403, 593724404, 593724405, 593724406, 593724407, 593724600, 593724601, 593724602, 593724603, 593724604, 593724605, 593724700, 593724701, 593724702, 593724703, 593724704, 593724770, 593724771, 593724772, 593724773, 593724774, 593724775, 593724776, 593724810, 593724811, 593724812, 593724850, 593724851, 593724852, 593724853, 593724854, 593724855, 593724856, 593724857, 593724900, 593724901, 593724902, 593724903, 593724904, 593724905, 593724906, 593728510, 593728511, 593728512, 593728513, 593728514, 593728515, 593728516, 593728720, 593728721, 593728722, 593728723, 593728724, 593728725, 593728726, 593728727, 593728890, 593728891, 593728892, 593728893, 593728894, 593728895, 593728896, 593728950, 593728951, 593728952, 593728953, 593728954, 593728955, 593728956, 593729010, 593729011, 593729012, 593729013, 593729014, 593729015"
Ecuador,0.323,"5938, 5939, 59380, 59382, 59384, 59385, 59386, 59387, 59388, 59389, 59390, 59391, 59393, 59394, 59395, 59396, 59397, 59398, 593820, 593821, 593822, 593823, 593824, 593920, 593921, 593922, 593923, 593924, 593925, 593926, 593927, 593928, 593929, 593960, 593961, 593962, 593963, 593968, 593969, 593990, 593991, 593992, 593993, 593994, 593995, 593996, 593997, 593998, 593999"
Egypt,0.225,"20, 202, 203, 2010, 2011, 2012, 2014, 2016, 2017, 2018, 2019"
"El Salvador",0.351,"503, 5037, 5038, 5039, 50338, 50339, 50373, 50374, 50375, 503222, 503229, 503252, 503700, 503701, 503702, 503703, 503704, 503705, 503706, 503708, 503709, 503710, 503711, 503712, 503713, 503714, 503715, 503716, 503717, 503718, 503720, 503721, 503722, 503723, 503724, 503725, 503726, 503727, 503728, 503729, 503760, 503761, 503762, 503763, 503764, 503765, 503766, 503770, 503771, 503772, 503773, 503774, 503775, 503776, 503777, 503781, 503782, 503783, 503785, 503786, 503787, 503788, 503789, 503790, 503791, 503792, 503793, 503794, 503795, 503796, 503797, 503799, 5032050, 5032100, 5032101, 5032102, 5032103, 5032113, 5032121, 5032200, 5032202, 5032203, 5032204, 5032205, 5032206, 5032207, 5032208, 5032209, 5032210, 5032211, 5032212, 5032213, 5032214, 5032216, 5032219, 5032230, 5032231, 5032232, 5032233, 5032234, 5032235, 5032236, 5032238, 5032239, 5032240, 5032241, 5032242, 5032243, 5032244, 5032245, 5032248, 5032250, 5032251, 5032253, 5032257, 5032258, 5032260, 5032261, 5032263, 5032264, 5032267, 5032270, 5032271, 5032272, 5032273, 5032274, 5032275, 5032276, 5032277, 5032278, 5032279, 5032281, 5032282, 5032284, 5032286, 5032287, 5032288, 5032289, 5032300, 5032302, 5032304, 5032307, 5032309, 5032318, 5032323, 5032325, 5032327, 5032328, 5032329, 5032334, 5032346, 5032349, 5032351, 5032354, 5032355, 5032366, 5032367, 5032372, 5032373, 5032379, 5032389, 5032393, 5032397, 5032399, 5032401, 5032402, 5032403, 5032404, 5032405, 5032406, 5032411, 5032414, 5032415, 5032416, 5032420, 5032421, 5032426, 5032427, 5032429, 5032430, 5032431, 5032434, 5032440, 5032445, 5032447, 5032448, 5032451, 5032452, 5032455, 5032479, 5032480, 5032482, 5032483, 5032484, 5032487, 5032489, 5032497, 5032500, 5032501, 5032502, 5032504, 5032505, 5032507, 5032508, 5032509, 5032510, 5032511, 5032512, 5032513, 5032514, 5032516, 5032517, 5032519, 5032530, 5032531, 5032532, 5032533, 5032534, 5032535, 5032536, 5032555, 5032600, 5032601, 5032603, 5032606, 5032609, 5032612, 5032615, 5032620, 5032623, 5032624, 5032631, 5032634, 5032635, 5032639, 5032645, 5032650, 5032656, 5032660, 5032661, 5032663, 5032665, 5032668, 5032669, 5032670, 5032671, 5032677, 5032678, 5032679, 5032680, 5032681, 5032683, 5032697, 5037780, 5037781, 5037782, 5037783, 5037784, 5037785, 5037786, 5037787, 5037788, 5037789, 5037790, 5037791, 5037792, 5037793, 5037794, 5037795, 5037796, 5037797, 5037798, 5037799, 5037805, 5037806, 5037807, 5037808, 5037809, 5037840, 5037841, 5037842, 5037843, 5037844, 5037845, 5037846, 5037847, 5037848, 5037849, 5037985, 5037986, 5037987, 5037988, 5037989, 50321010, 50321011, 50321012, 50321013, 50321014, 50321040, 50321041, 50321042, 50321043, 50321044, 50322010, 50322011, 50322012, 50322013, 50322014, 50322015, 50322016, 50322017, 50322018, 50322019, 50322070, 50322071, 50322072, 50322073, 50322074, 50322075, 50322076, 50322077, 50322078, 50322079, 50322151, 50322152, 50322153, 50322154, 50322155, 50322156, 50322157, 50322158, 50322159, 50322170, 50322171, 50322172, 50322173, 50322174, 50322175, 50322176, 50322177, 50322178, 50322179, 50322180, 50322181, 50322182, 50322183, 50322184, 50322185, 50322186, 50322187, 50322188, 50322189, 50322196, 50322197, 50322198, 50322370, 50322371, 50322372, 50322373, 50322374, 50322375, 50322376, 50322377, 50322378, 50322379, 50322460, 50322461, 50322462, 50322463, 50322464, 50322465, 50322466, 50322467, 50322468, 50322469, 50322470, 50322471, 50322472, 50322473, 50322474, 50322475, 50322476, 50322477, 50322478, 50322479, 50322490, 50322491, 50322492, 50322493, 50322494, 50322495, 50322496, 50322497, 50322498, 50322499, 50322520, 50322521, 50322522, 50322523, 50322524, 50322525, 50322526, 50322527, 50322528, 50322529, 50322540, 50322541, 50322542, 50322543, 50322544, 50322545, 50322546, 50322547, 50322548, 50322549, 50322550, 50322551, 50322552, 50322553, 50322554, 50322555, 50322556, 50322560, 50322561, 50322562, 50322563, 50322564, 50322565, 50322566, 50322567, 50322568, 50322569, 50322590, 50322591, 50322592, 50322593, 50322594, 50322595, 50322596, 50322597, 50322598, 50322599, 50322620, 50322621, 50322622, 50322623, 50322624, 50322625, 50322626, 50322627, 50322628, 50322650, 50322651, 50322652, 50322653, 50322654, 50322655, 50322656, 50322657, 50322658, 50322659, 50322660, 50322661, 50322662, 50322663, 50322664, 50322665, 50322666, 50322667, 50322668, 50322669, 50322681, 50322682, 50322683, 50322684, 50322685, 50322686, 50322687, 50322688, 50322689, 50322690, 50322692, 50322693, 50322694, 50322695, 50322696, 50322697, 50322698, 50322699, 50322800, 50322801, 50322802, 50322803, 50322804, 50322805, 50322806, 50322807, 50322808, 50322809, 50322830, 50322831, 50322832, 50322833, 50322834, 50322835, 50322836, 50322837, 50322838, 50322839, 50322850, 50322851, 50322852, 50322853, 50322854, 50322855, 50323000, 50323001, 50323002, 50323003, 50323004, 50323010, 50323011, 50323012, 50323013, 50323014, 50323015, 50323016, 50323017, 50323018, 50323019, 50323050, 50323051, 50323052, 50323053, 50323054, 50323055, 50323056, 50323057, 50323058, 50323059, 50323060, 50323061, 50323062, 50323063, 50323064, 50323065, 50323066, 50323067, 50323068, 50323080, 50323081, 50323100, 50323101, 50323102, 50323103, 50323104, 50323105, 50323106, 50323107, 50323108, 50323109, 50323110, 50323111, 50323112, 50323119, 50323120, 50323121, 50323122, 50323123, 50323124, 50323129, 50323130, 50323131, 50323132, 50323133, 50323134, 50323135, 50323136, 50323137, 50323138, 50323139, 50323140, 50323141, 50323142, 50323143, 50323144, 50323146, 50323148, 50323149, 50323152, 50323153, 50323154, 50323155, 50323156, 50323157, 50323158, 50323159, 50323160, 50323161, 50323162, 50323163, 50323164, 50323165, 50323166, 50323167, 50323168, 50323169, 50323175, 50323176, 50323177, 50323178, 50323179, 50323190, 50323191, 50323192, 50323193, 50323194, 50323195, 50323196, 50323197, 50323198, 50323199, 50323214, 50323215, 50323220, 50323221, 50323222, 50323240, 50323260, 50323261, 50323262, 50323263, 50323264, 50323300, 50323301, 50323302, 50323303, 50323304, 50323305, 50323306, 50323307, 50323309, 50323312, 50323313, 50323314, 50323317, 50323319, 50323320, 50323321, 50323322, 50323323, 50323329, 50323330, 50323331, 50323332, 50323333, 50323334, 50323335, 50323336, 50323337, 50323339, 50323351, 50323352, 50323353, 50323357, 50323359, 50323360, 50323361, 50323362, 50323370, 50323374, 50323379, 50323380, 50323381, 50323382, 50323383, 50323384, 50323385, 50323386, 50323388, 50323389, 50323397, 50323398, 50323399, 50323400, 50323407, 50323408, 50323409, 50323410, 50323411, 50323412, 50323413, 50323414, 50323420, 50323423, 50323430, 50323431, 50323432, 50323433, 50323434, 50323440, 50323441, 50323442, 50323443, 50323444, 50323453, 50323454, 50323455, 50323456, 50323457, 50323458, 50323459, 50323479, 50323488, 50323509, 50323529, 50323536, 50323560, 50323569, 50323570, 50323580, 50323600, 50323608, 50323609, 50323610, 50323611, 50323620, 50323621, 50323622, 50323623, 50323624, 50323625, 50323626, 50323627, 50323628, 50323640, 50323650, 50323659, 50323680, 50323690, 50323691, 50323700, 50323740, 50323741, 50323750, 50323751, 50323765, 50323770, 50323780, 50323781, 50323785, 50323800, 50323801, 50323820, 50323821, 50323822, 50323823, 50323824, 50323830, 50323831, 50323842, 50323843, 50323844, 50323850, 50323855, 50323863, 50323900, 50323901, 50323902, 50323920, 50323940, 50323941, 50323950, 50323959, 50323963, 50323967, 50323988, 50324070, 50324080, 50324081, 50324082, 50324083, 50324084, 50324085, 50324090, 50324091, 50324092, 50324100, 50324101, 50324102, 50324103, 50324104, 50324105, 50324106, 50324107, 50324120, 50324121, 50324122, 50324123, 50324125, 50324126, 50324127, 50324128, 50324129, 50324130, 50324131, 50324132, 50324133, 50324134, 50324135, 50324136, 50324137, 50324138, 50324139, 50324174, 50324175, 50324176, 50324177, 50324178, 50324179, 50324180, 50324181, 50324220, 50324221, 50324230, 50324231, 50324232, 50324233, 50324234, 50324250, 50324251, 50324252, 50324280, 50324281, 50324282, 50324330, 50324370, 50324385, 50324410, 50324411, 50324412, 50324413, 50324414, 50324415, 50324416, 50324417, 50324418, 50324420, 50324430, 50324431, 50324440, 50324441, 50324469, 50324490, 50324491, 50324492, 50324500, 50324501, 50324502, 50324503, 50324504, 50324505, 50324530, 50324531, 50324535, 50324536, 50324560, 50324561, 50324562, 50324563, 50324564, 50324575, 50324609, 50324610, 50324611, 50324612, 50324620, 50324629, 50324649, 50324650, 50324651, 50324660, 50324679, 50324680, 50324692, 50324693, 50324700, 50324709, 50324710, 50324715, 50324723, 50324730, 50324737, 50324738, 50324739, 50324750, 50324751, 50324752, 50324753, 50324754, 50324810, 50324811, 50325030, 50325031, 50325032, 50325033, 50325048, 50325049, 50325060, 50325061, 50325062, 50325063, 50325064, 50325069, 50325185, 50325386, 50326040, 50326041, 50326042, 50326043, 50326044, 50326045, 50326046, 50326050, 50326070, 50326080, 50326081, 50326082, 50326083, 50326084, 50326085, 50326102, 50326105, 50326106, 50326107, 50326108, 50326109, 50326110, 50326111, 50326130, 50326131, 50326132, 50326133, 50326134, 50326135, 50326136, 50326137, 50326138, 50326139, 50326140, 50326141, 50326145, 50326146, 50326147, 50326148, 50326149, 50326160, 50326161, 50326182, 50326186, 50326190, 50326191, 50326194, 50326199, 50326220, 50326221, 50326222, 50326223, 50326224, 50326250, 50326251, 50326252, 50326253, 50326254, 50326264, 50326265, 50326266, 50326267, 50326270, 50326274, 50326275, 50326276, 50326278, 50326280, 50326281, 50326282, 50326283, 50326284, 50326295, 50326308, 50326320, 50326321, 50326322, 50326323, 50326324, 50326325, 50326337, 50326338, 50326339, 50326380, 50326400, 50326401, 50326402, 50326411, 50326412, 50326413, 50326414, 50326430, 50326431, 50326432, 50326433, 50326434, 50326440, 50326441, 50326470, 50326477, 50326480, 50326490, 50326494, 50326495, 50326497, 50326499, 50326510, 50326520, 50326540, 50326541, 50326542, 50326543, 50326581, 50326586, 50326588, 50326590, 50326593, 50326595, 50326596, 50326620, 50326621, 50326622, 50326623, 50326624, 50326642, 50326644, 50326670, 50326671, 50326672, 50326673, 50326674, 50326675, 50326676, 50326677, 50326678, 50326750, 50326751, 50326752, 50326753, 50326754, 50326760, 50326761, 50326762, 50326763, 50326820, 50326821, 50326822, 50326823, 50326824, 50326870, 50326871, 50326872, 50326877, 50326878, 50326879, 50326882, 50326885, 50370700, 50370701, 50322050000"
"Equatorial Guinea",0.365,"240, 2402, 2405, 2406, 2407"
Eritrea,0.514,291
Estonia,0.073,372
Estonia,0.142,"37250, 37251, 37252, 37253, 37254, 37255, 37256, 37258, 37281, 37282, 372531, 372532, 372533, 372536, 372570, 372571, 372572, 372573, 372574, 372575, 372576, 372577, 372578, 372579, 372590, 372591, 372592, 372593, 372594, 372595, 372596, 372597, 372598, 372599, 3725353"
Ethiopia,0.378,"251, 2511, 25111"
Ethiopia,0.448,"2519, 25191, 251189, 251910, 251958, 251959, 2512289, 2512589, 2513389, 2513489, 2514689, 2514789, 2515789, 2515859, 2515889"
"Faroe Islands",0.395,"298, 2985, 29821, 29822, 29823, 29824, 29825, 29826, 29827, 29828, 29829, 29871, 29872, 29873, 29874, 29875, 29876, 29877, 29878, 29879, 29891, 29892, 29893, 29894, 29895, 29896, 29897, 29898, 29899"
Fiji,0.535,"679, 6799, 67970, 67971, 67972, 67973, 67974, 67986, 67987"
"Finland/Aland Islands",0.070,"358, 3589"
"Finland/Aland Islands",0.120,"3584, 35840, 35841, 35842, 35844, 35846, 35849, 35850, 358432, 358436, 358438, 358450, 358451, 358452, 358456, 358457, 358491, 358492, 358493, 3584320, 3584321, 3584541, 3584574, 3584576, 3584577, 3584578, 3584579"
"Finland/Aland Islands",0.130,"3587, 3588, 35810, 35820, 35829, 35830, 35860, 35871, 358800"
France,0.017,33
France,0.045,"33651, 33652, 33695, 33781, 33782, 33783, 336000, 336006"
France,0.045,"3367, 3368, 33607, 33608, 33630, 33631, 33632, 33633, 33637, 33638, 33640, 33642, 33643, 33645, 33647, 33648, 33654, 33770, 33771, 33785, 33786, 33787, 33788, 33789, 336001, 336008, 336020, 336021, 336365, 336366, 336367, 336368, 336369, 336417, 336441, 336442, 336443, 336490, 336491, 336492, 336493, 336494, 336496, 336497, 336498, 3364160, 3364161, 3364951, 3364952, 3364953, 3364954, 3364955, 3364956, 3364957, 3364958, 3364959, 3364992, 3364993, 3375061, 3375062, 3375063, 3375064, 3375065, 3375066, 3375067, 3375068, 3375069"
France,0.045,"3366, 3376, 33650, 33658, 33659, 33698, 33699, 33718, 33719, 336003, 336009, 336444, 336445, 336446, 336530, 336531, 336532, 336533, 336534, 337521, 337522, 337523, 337524, 337525, 337527, 337528, 337529, 337540, 337541, 337542, 337544, 337545, 3364950"
France,0.060,"3361, 3362, 33601, 33603, 33609, 33634, 33635, 33636, 33646, 33655, 33755, 33759, 33777, 33778, 33779, 33780, 336002, 336007, 336022, 336023, 336024, 336025, 336040, 336041, 336044, 336045, 336046, 336047, 336048, 336049, 336050, 336051, 336052, 336053, 336054, 336064, 336065, 336066, 336067, 336068, 336069, 336410, 336411, 336412, 336413, 336414, 336415, 336418, 336419, 336440, 336447, 336448, 336449, 336567, 336568, 336698, 337500, 337501, 337505, 337507, 337508, 337509, 337520, 337526, 337575, 337576, 337577, 337578, 337713, 337714, 3363801, 3363802, 3363803, 3363804, 3363805, 3363807, 3363808, 3363809, 3364005, 3364006, 3364007, 3364008, 3364009, 3364163, 3364164, 3364166, 3364167, 3364168, 3364169, 3364990, 3364991, 3364995, 3364998, 3364999, 3365666, 3365667, 3365668, 3365669, 3375060, 3375432, 3375707, 3375717, 3377150, 3377151, 3377152, 3377153, 3377154"
France,0.060,"336, 337, 33753, 33758, 336055, 336056, 336057, 336058, 336059, 337510, 337511, 337512, 337513, 337514, 337515"
"French Guiana",0.165,594
"French Guiana",0.501,"5946941, 5946942, 5946943, 5946949, 59469440, 59469441, 59469442, 59469443, 59469444, 59469445"
"French Guiana",0.526,594694
"French Polynesia",0.430,"689, 6892, 6897"
Gabon,0.246,"241, 2415"
Gabon,0.255,2416
Gabon,0.290,2417
Gabon,0.356,"2412, 2413, 24103, 24104, 24105, 24106, 24107, 24108, 24109, 24141, 24151, 24152, 24153, 24157, 24161, 24163, 24168, 24175, 24180, 24181, 24184, 24185, 24187, 24189, 24191, 24194, 24195, 24197"
Gambia,0.622,"220, 2206, 2207, 2209, 22093, 22097, 22098, 22099"
Georgia,0.096,"995, 99532"
Georgia,0.211,"9955, 9957, 9959, 99544, 99555, 99557, 99558, 99571, 99574, 99576, 99577, 99579, 99590, 99591, 99593, 99595, 99596, 99597, 99598, 99599"
Germany,0.017,49
Germany,0.070,"49151, 49155, 49159, 49160, 49162, 49163, 49170, 49171, 49172, 49173, 49174, 49175, 49176, 49177, 49178, 49179, 491520, 491521, 491522, 491523, 491524, 491525, 491526, 491527, 491528, 491571, 491572, 491573, 491574, 491576, 491577, 491578, 491579"
Germany,0.170,491575
Germany,0.350,"49150, 49156, 49164, 49166, 49168, 49169, 491570, 491774"
Ghana,0.106,"233, 23321"
Ghana,0.302,"23320, 23323, 23324, 23326, 23327, 23328, 23354"
Gibraltar,0.101,350
Gibraltar,0.365,"35050, 35051"
Gibraltar,0.447,"35054, 35056, 35057, 35058"
Greece,0.033,"30, 3021, 30231"
Greece,0.229,"306, 309, 30690, 30693, 30694, 30695, 30696, 30697, 30698, 30699"
Greenland,0.822,"299, 2992, 2994, 2995"
Grenada,0.185,1473
Grenada,0.290,"1473403, 1473404, 1473405, 1473406, 1473407, 1473408, 1473409, 1473410, 1473414, 1473415, 1473416, 1473417, 1473418, 1473419, 1473533, 1473534, 1473535, 1473536, 1473537, 1473538"
Grenada,0.343,"147340, 147341, 147353, 1473269, 1473328, 1473329, 1473349, 1473386, 1473420, 1473421, 1473422, 1473441, 1473449, 1473455, 1473456, 1473457, 1473458, 1473459, 1473468, 1473473, 1473490, 1473636, 1473773, 1473938, 14737582, 14737584, 14737587, 14737842, 14737844, 14737847"
Guadeloupe,0.104,590
Guadeloupe,0.423,"5906905, 59069011, 59069012, 59069013, 59069014, 59069015, 59069016, 59069017, 59069018, 59069019, 59069020, 59069021, 59069023, 59069024, 59069025, 59069027, 59069030, 59069031, 59069032, 59069033, 59069034, 59069035, 59069036, 59069037, 59069038, 59069039, 59069040, 59069041, 59069042, 59069043, 59069044, 59069045, 59069046, 59069047, 59069048, 59069049, 59069060, 59069061, 59069062, 59069063, 59069064, 59069065, 59069067, 59069068, 59069069, 59069071, 59069072, 59069073, 59069074, 59069075, 59069076, 59069080, 59069081, 59069082, 59069083, 59069084, 59069085, 59069086"
Guadeloupe,0.477,590690
Guam,0.063,1671
Guatemala,0.208,"502, 5025, 50220, 50221, 50229, 50230, 50231, 50239, 50240, 50241, 50242, 50245, 50249, 50250, 50260, 50261, 50269, 50270, 50271, 50279, 50280, 50281, 50289, 50290, 50291, 50299, 502236, 502241, 502277, 502278, 502279, 502283, 502328, 502377, 502379, 502420, 502421, 502422, 502427, 502428, 502429, 502430, 502431, 502432, 502433, 502434, 502435, 502436, 502437, 502438, 502459, 502460, 502461, 502462, 502463, 502464, 502470, 502471, 502472, 502473, 502501, 502502, 502507, 502508, 502509, 502510, 502511, 502512, 502513, 502514, 502515, 502516, 502517, 502518, 502519, 502520, 502521, 502522, 502523, 502524, 502525, 502526, 502527, 502528, 502529, 502530, 502532, 502533, 502534, 502535, 502536, 502537, 502538, 502539, 502540, 502541, 502542, 502543, 502544, 502545, 502546, 502547, 502548, 502549, 502550, 502552, 502556, 502557, 502559, 502560, 502561, 502562, 502563, 502564, 502565, 502566, 502567, 502568, 502569, 502570, 502572, 502573, 502574, 502575, 502576, 502577, 502578, 502579, 502580, 502582, 502583, 502584, 502585, 502586, 502587, 502588, 502589, 502590, 502592, 502593, 502594, 502595, 502596, 502597, 502598, 502599, 502620, 502628, 502659, 502677, 502678, 502679, 502683, 502723, 502728, 502759, 502779, 502783, 502790, 502794, 502820, 502828, 502859, 502861, 502863, 502865, 502879, 502883, 502920, 502929, 502959, 502979, 502983, 5022220, 5022221, 5022223, 5022229, 5022230, 5022232, 5022238, 5022242, 5022250, 5022251, 5022253, 5022254, 5022255, 5022256, 5022257, 5022258, 5022259, 5022260, 5022261, 5022267, 5022268, 5022269, 5022270, 5022277, 5022278, 5022279, 5022283, 5022285, 5022286, 5022288, 5022289, 5022323, 5022326, 5022327, 5022328, 5022329, 5022331, 5022332, 5022333, 5022334, 5022335, 5022336, 5022337, 5022338, 5022339, 5022350, 5022351, 5022375, 5022376, 5022377, 5022378, 5022379, 5022380, 5022381, 5022382, 5022383, 5022384, 5022385, 5022386, 5022387, 5022388, 5022420, 5022421, 5022422, 5022423, 5022424, 5022425, 5022426, 5022427, 5022428, 5022429, 5022431, 5022432, 5022433, 5022434, 5022435, 5022436, 5022437, 5022438, 5022439, 5022440, 5022441, 5022442, 5022443, 5022444, 5022445, 5022448, 5022449, 5022450, 5022458, 5022459, 5022460, 5022461, 5022462, 5022463, 5022464, 5022470, 5022471, 5022472, 5022473, 5022474, 5022475, 5022476, 5022477, 5022478, 5022479, 5022480, 5022483, 5022484, 5022485, 5024390, 5024391, 5024392, 5024393, 5024394, 5024650, 5024651, 5024652, 5024740, 5024741, 5025310, 5025311, 5025312, 5025313, 5025314, 5025315, 5025316, 5025317, 5025318, 5025319, 5025510, 5025511, 5025512, 5025513, 5025514, 5025515, 5025516, 5025517, 5025518, 5025519, 5025531, 5025532, 5025533, 5025534, 5025535, 5025536, 5025537, 5025538, 5025539, 5025540, 5025541, 5025542, 5025543, 5025544, 5025545, 5025546, 5025547, 5025548, 5025549, 5025550, 5025551, 5025552, 5025553, 5025554, 5025555, 5025556, 5025557, 5025558, 5025559, 5025580, 5025581, 5025582, 5025583, 5025584, 5025585, 5025586, 5025587, 5025588, 5025589, 5025710, 5025711, 5025712, 5025713, 5025714, 5025715, 5025716, 5025717, 5025718, 5025719, 5025810, 5025811, 5025812, 5025813, 5025814, 5025815, 5025816, 5025817, 5025818, 5025819, 5025910, 5025911, 5025912, 5025913, 5025914, 5025915, 5025916, 5025917, 5025918, 5025919, 5026620, 5026621, 5026623, 5026628, 5026629, 5026630, 5026631, 5026632, 5026633, 5026634, 5026635, 5026636, 5026637, 5026640, 5026641, 5026642, 5026643, 5026644, 5026645, 5026646, 5026648, 5026649, 5026650, 5026658, 5026659, 5026660, 5026677, 5026679, 5026683, 5026685, 5027720, 5027721, 5027722, 5027723, 5027728, 5027736, 5027737, 5027738, 5027740, 5027741, 5027742, 5027743, 5027744, 5027755, 5027756, 5027758, 5027759, 5027760, 5027761, 5027762, 5027763, 5027764, 5027765, 5027766, 5027767, 5027768, 5027769, 5027770, 5027771, 5027772, 5027773, 5027774, 5027775, 5027776, 5027777, 5027779, 5027780, 5027783, 5027810, 5027820, 5027821, 5027822, 5027823, 5027828, 5027830, 5027831, 5027832, 5027833, 5027834, 5027838, 5027839, 5027840, 5027841, 5027842, 5027843, 5027844, 5027845, 5027846, 5027849, 5027858, 5027859, 5027861, 5027867, 5027868, 5027870, 5027871, 5027872, 5027873, 5027874, 5027879, 5027880, 5027881, 5027882, 5027883, 5027884, 5027885, 5027886, 5027887, 5027888, 5027889, 5027920, 5027922, 5027923, 5027924, 5027925, 5027926, 5027927, 5027928, 5027929, 5027930, 5027931, 5027932, 5027933, 5027934, 5027935, 5027936, 5027937, 5027938, 5027950, 5027951, 5027952, 5027953, 5027954, 5027958, 5027959, 5027960, 5027968, 5027969, 5027979, 5027983"
Guinea,0.342,"224, 22411, 22412, 22413, 22460, 22462, 22463, 22464, 22465, 22466, 22467"
Guyana,0.400,"592, 5926, 59261, 59262, 59264, 59265, 59266, 59267, 59268, 59269, 59280, 592600, 592601, 592602, 592603, 592604, 592609, 592690, 592691, 592692, 592693, 592694"
Haiti,0.281,"509, 50921, 50922, 50923, 50924"
Haiti,0.312,50925
Haiti,0.360,"5093, 5094, 5095, 5096, 5097, 5098, 5099, 50934, 50935, 50936, 50937, 50938, 50939, 50980, 50981, 50982, 50983, 50984, 50985, 50986, 50987, 50990, 50991, 50992, 50993, 50994, 509206, 509207, 509281, 509294"
Honduras,0.150,"504, 5042, 5045"
Honduras,0.325,"5043, 5048, 5049, 50433, 50472, 50489, 50498, 50499, 504881, 504882, 504883, 504884, 504885, 504886, 504887, 504888, 504889, 5047214, 5047215, 5047217"
"Hong Kong",0.030,"852, 8525, 8526, 8529, 85217, 85248, 85249"
Hungary,0.042,"36, 361"
Hungary,0.264,"3620, 3630, 3660, 3670"
Iceland,0.063,354
Iceland,0.306,35477
Iceland,0.412,"3543, 3546, 3548, 35461, 35462, 35464, 35466, 35467, 35468, 35469, 35483, 35484, 35485, 35486, 35487, 35488, 35489, 354380, 354388, 354389, 354630, 354631, 354632, 354637, 354642, 354650, 354652, 354655, 354659, 354770, 354771, 354772, 354773, 354820, 354821, 354822, 354823, 354824, 354825, 354826, 354827, 354828, 354829"
India,0.030,"91, 919, 9111, 9116, 9117, 9118, 9120, 9122, 9126, 9127, 9128, 9133, 9140, 9141, 9142, 9143, 9144, 9145, 9147, 9148, 9149, 9179, 9180, 9184, 9185, 9186, 9187, 9188, 9189, 9192, 9193, 9194, 9197, 9198, 9199, 91460, 91461, 91462, 91463, 91464, 91465, 91466, 91467, 91468, 91469"
Indonesia,0.060,"6221, 6231"
Indonesia,0.100,"62, 6213, 6222, 6224, 6261, 62231, 62271, 62274, 62331, 62341, 62351, 62361, 62711, 62721, 62761, 62778"
Indonesia,0.110,"62811, 62812, 62813, 62814, 62815, 62816, 62817, 62818, 62819, 62821, 62822, 62823, 62851, 62852, 62853, 62855, 62856, 62857, 62858, 62859, 62877, 62878"
Indonesia,0.120,"628, 6282, 6283, 6285, 6286, 6288, 62810, 62870, 62879"
Iran,0.255,"98, 989, 9821"
Iraq,0.166,"964, 9641, 96460"
Iraq,0.288,"9647, 96473, 96475, 96477, 96478, 96479, 964781, 9647701, 9647702, 9647703, 9647704, 9647705, 9647706, 9647707, 9647708, 9647709, 9647710, 9647801, 9647802, 9647803, 9647804, 9647805, 9647806, 9647807, 9647808, 9647809, 9647901, 9647902, 9647903, 9647904, 9647905, 9647906, 9647907"
Ireland,0.020,"353, 3531, 35376"
Ireland,0.190,"35384, 35386, 35387"
Ireland,0.240,"35383, 35385"
Ireland,0.260,"3538, 35388, 35389, 353818"
Israel,0.020,"972, 9722, 9723"
Israel,0.150,"9725, 9726, 97250, 97251, 97252, 97253, 97254, 97255, 97256, 97257, 97258"
Israel,0.280,"97222, 97232, 97242, 97259, 97269, 97282, 97292"
Italy,0.017,39
Italy,0.040,"393, 3932, 3933, 3934, 3936, 3938, 39310, 39313, 39319, 39370, 39373, 39377, 39383, 39390, 39391, 39392, 39393, 39397, 393511, 393512, 393711"
"Ivory Coast",0.316,2252
"Ivory Coast",0.430,"225, 2250, 2253, 2255, 2257, 2258, 2259, 22501, 22502, 22503, 22504, 22505, 22506, 22507, 22508, 22509, 22544, 22545, 22546, 22547, 22548, 22560, 22566, 22567, 22568"
Jamaica,0.150,1876
Jamaica,0.278,"1876781, 1876782, 1876783, 1876784, 1876787, 1876788, 1876789, 1876790, 1876791, 1876792, 1876793, 1876796, 1876797, 1876798, 1876799"
Jamaica,0.356,"18763, 18764, 18768, 187628, 187629, 187631, 187632, 187633, 187634, 187635, 187636, 187637, 187638, 187639, 187641, 187642, 187643, 187644, 187645, 187646, 187647, 187648, 187649, 187653, 187654, 187657, 187658, 187659, 187677, 187678, 187679, 187682, 187683, 187684, 187685, 187686, 187687, 187688, 187689, 1876210, 1876301, 1876302, 1876303, 1876304, 1876305, 1876306, 1876307, 1876308, 1876309, 1876310, 1876312, 1876313, 1876314, 1876315, 1876316, 1876317, 1876318, 1876319, 1876401, 1876402, 1876403, 1876404, 1876405, 1876406, 1876407, 1876408, 1876409, 1876410, 1876412, 1876413, 1876414, 1876416, 1876417, 1876418, 1876419, 1876440, 1876441, 1876442, 1876443, 1876445, 1876446, 1876447, 1876448, 1876449, 1876460, 1876461, 1876462, 1876463, 1876464, 1876465, 1876466, 1876467, 1876468, 1876469, 1876470, 1876471, 1876472, 1876473, 1876474, 1876475, 1876476, 1876477, 1876478, 1876479, 1876503, 1876504, 1876505, 1876506, 1876507, 1876508, 1876509, 1876520, 1876521, 1876522, 1876524, 1876527, 1876528, 1876529, 1876530, 1876550, 1876551, 1876552, 1876553, 1876554, 1876556, 1876557, 1876558, 1876559, 1876560, 1876561, 1876562, 1876564, 1876565, 1876566, 1876567, 1876568, 1876569, 1876618, 1876619, 1876621, 1876648, 1876649, 1876651, 1876695, 1876696, 1876697, 1876698, 1876699, 1876700, 1876707, 1876780, 1876785, 1876786, 1876794, 1876795, 1876804, 1876805, 1876806, 1876807, 1876808, 1876809, 1876810, 1876812, 1876813, 1876814, 1876815, 1876816, 1876817, 1876818, 1876819, 1876870, 1876871, 1876872, 1876873, 1876874, 1876875, 1876877, 1876878, 1876879, 1876880, 1876881, 1876882, 1876883, 1876884, 1876885, 1876886, 1876887, 1876889, 1876909, 1876919, 1876976, 1876980, 1876990, 1876995, 1876997, 1876999"
Japan,0.040,"81, 813, 816, 8150"
Japan,0.160,"8120, 8160, 8170, 8180, 8190, 81800, 818030, 818031, 818034, 819013, 819017, 819028, 819060, 819064, 819065, 819091, 819094, 819098, 819099, 8180320, 8180321, 8180322, 8180323, 8180324, 8180325, 8180326, 8180327, 8180328, 8180332, 8180333, 8180338, 8180339, 8180350, 8180351, 8180352, 8180353, 8180354, 8180355, 8180356, 8180357, 8180361, 8180362, 8180363, 8180364, 8180365, 8180366, 8180367, 8180374, 8180376, 8180377, 8180378, 8180379, 8180380, 8180381, 8180382, 8180383, 8180387, 8180388, 8180389, 8180392, 8180394, 8180395, 8180396, 8180397, 8190292, 8190295, 8190296, 8190297, 8190298, 8190299, 8190341, 8190342, 8190390, 8190391, 8190392, 8190393, 8190394, 8190395, 8190396, 8190397, 8190410, 8190426, 8190427, 8190428, 8190429, 8190660, 8190661, 8190662, 8190663, 8190664, 8190665, 8190666, 8190667, 8190668, 8190807, 8190809, 8190834, 8190835, 8190840, 8190845, 8190846, 8190847, 8190848, 8190849, 8190850, 8190851, 8190852, 8190853, 8190854, 8190855, 8190856, 8190860, 8190861, 8190862, 8190965, 8190968, 8190969"
Jordan,0.068,"962, 9626"
Jordan,0.176,"9627, 96274, 96277, 96278, 96279"
Kenya,0.106,25420
Kenya,0.183,"254, 25441"
Kenya,0.237,"2547, 25471, 25472, 25473, 254710, 254711, 254712, 254713, 254714, 254716, 254717, 254731, 254732, 254733, 254734, 254735, 254736, 254737, 254738"
"Korea Dem People's Rep",0.745,850
"Korea Republic of",0.034,"82, 822"
"Korea Republic of",0.117,"821, 8211, 8217, 821020, 821031, 821035, 821036, 821037, 821038, 821040, 821041, 821045, 821046, 821047, 821048, 821049, 821050, 821052, 821053, 821054, 821062, 821063, 821064, 821071, 821085, 821086, 821087, 821088, 821089, 821090, 821091, 821092, 821093, 821094"
Kuwait,0.176,965
Kuwait,0.190,"9654, 9655, 9656, 9657, 9658, 9659"
Kyrgyzstan,0.189,"996, 9965, 99670, 996312, 996512, 996515, 996517, 996543, 996545, 996550, 996555, 996565, 996566, 996575, 996577, 996770, 996772, 996773, 996775, 996777"
"Laos PDR",0.118,"856, 85620"
Latvia,0.073,"371, 3717"
Latvia,0.386,"3716, 3718, 3719, 37155, 37158, 37159, 37160, 37161, 37162, 37163, 37164, 37165, 37166, 37167, 37168, 37169, 37182, 37183, 37185, 37186, 37187, 37188, 37191, 37192, 37193, 37194, 37195, 37196, 37197, 37198, 37199, 371200, 371202, 371203, 371221, 371224, 371225, 371254, 371259, 371260, 371261, 371262, 371263, 371264, 371265, 371266, 371267, 371268, 371269, 371270, 371271, 371273, 371274, 371275, 371277, 371278, 371279, 371282, 371283, 371286, 371287, 371288, 371291, 371292, 371293, 371294, 371295, 371296, 371297, 371298, 371299, 371556, 371557, 371558, 371559, 371580, 371581, 371582, 371583, 371584, 371589, 371810, 371844, 371845, 371846, 371847, 371848, 371849, 3712010, 3712200, 3712201, 3712202, 3712203, 3712204, 3712205, 3712206, 3712207, 3712208, 3712209, 3712230, 3712231, 3712232, 3712233, 3712234, 3712235, 3712236, 3712237, 3712238, 3712239, 3712280, 3712281, 3712282, 3712283, 3712284, 3712550, 3712551, 3712552, 3712553, 3712554, 3712555, 3712556, 3712557, 3712558, 3712559, 3712580, 3712581, 3712582, 3712583, 3712584, 3712585, 3712586, 3712587, 3712588, 3712589, 3712720, 3712721, 3712722, 3712723, 3712724, 3712725, 3712726, 3712728, 3712729, 3712760, 3712761, 3712762, 3712763, 3712764, 3712765, 3712766, 3712767, 3712769, 3712844, 3712845, 3712846, 3712847, 3712848, 3712849"
Latvia,0.535,"3712, 37121, 371222, 371681, 3712018, 3712400, 3712840, 3717891, 37168501, 37168502, 37168504, 37168509, 37168510, 37168535, 37178501, 37178502, 37178504, 37178509, 37178510, 37178519, 37178535, 37178580, 37178581"
Lebanon,0.183,961
Lebanon,0.280,"9613, 96170, 96171"
Lesotho,0.504,"266, 2665, 2666"
Liberia,0.449,"231, 2315, 2316, 2317, 23146, 23147, 23164, 23165"
Libya,0.456,"218, 21891, 21892, 21894"
Liechtenstein,0.084,423
Liechtenstein,0.570,4236
Liechtenstein,0.570,4237
Lithuania,0.028,"370, 3705"
Lithuania,0.104,"3702, 3706, 37060, 37061, 37062, 37063, 37065, 37067, 37079, 370640, 370641, 370642, 370643, 370644, 370645, 370646, 370647, 370648, 370649, 370660, 370661, 370662, 370663, 370680, 370681, 370682, 370683, 370684, 370685, 370686, 370687, 370688, 370689, 370690, 370692, 370693, 370694, 370695, 370696, 370697, 370698, 370699, 3706686, 37066842"
Luxembourg,0.020,352
Luxembourg,0.250,"35221, 35228, 35261, 35262, 35266, 35268, 35269, 35291, 35298, 352021, 352028, 352061, 352068, 352091, 352098, 352291, 352621, 352628, 352661, 352668, 352691, 352698, 3520291"
Macau,0.079,853
Macau,0.087,8536
Macedonia,0.166,389
Macedonia,0.443,"3897, 38951, 38970, 38971, 38972, 38975, 38976, 38977, 38978"
Madagascar,0.461,261
Madagascar,0.496,"2613, 2617, 26132, 26133, 26134"
Malawi,0.243,"265, 2653, 2654, 2655, 2658, 2659"
Malaysia,0.040,60
Malaysia,0.040,"601, 6010, 6011, 6012, 6013, 6016, 6017, 6019, 60142, 60143, 60145, 60146, 60148, 60149, 601030, 601031, 601032, 601033, 601034, 6018840"
Malaysia,0.040,603
Mali,0.279,22322
Mali,0.338,"223, 22320, 22365, 22366, 22367, 22368"
Mali,0.395,"2235, 2236, 2237, 2239, 22330, 22331, 22332, 22333, 22334, 22350, 22351, 22352, 22353, 22354, 22360, 22361, 22362, 22363, 22364, 22369, 22385, 22386, 22387, 22388, 22389, 22390, 22391, 22392, 22393, 22394"
Mali,0.400,"2234, 223442, 223443, 223449"
Malta,0.020,356
Malta,0.100,"3567, 3569, 35672, 35679, 35692, 35694, 35699, 356777"
"Marshall Islands",0.535,692
Martinique,0.104,596
Martinique,0.527,"5966961, 5966962, 5966963, 5966964, 5966965, 5966967, 5966969, 59669680, 59669681, 59669682, 59669683, 59669684, 59669685, 59669686, 59669699"
Martinique,0.773,596696
Mauritania,0.400,"222, 2222, 2223, 2224, 2226, 22259, 22270, 22271, 22272, 22273, 22274, 22275, 22276, 22277"
Mauritius,0.288,"230, 2307, 23025, 23049, 23091, 23093, 23094, 23097, 23098, 230421, 230422, 230423, 230428, 230429, 230875, 230876, 230877"
Mexico,0.020,"5233, 5255, 5281, 52810, 52811, 52812, 52813, 52814, 52815, 52816, 52817, 52819, 525510, 525511, 525512, 525514, 525519, 525521, 525522, 525525, 525526, 525530, 525531, 525550, 525551, 525552, 525553, 525554, 525555, 525558, 525559, 525585, 525591, 528110, 528180, 528181, 528182, 528183, 528184, 528185, 528186, 528187, 528188, 528189"
Mexico,0.030,"52, 52222, 52223, 52224, 52225, 52226, 52227, 52228, 52229, 52231, 52232, 52233, 52235, 52236, 52237, 52238, 52241, 52243, 52244, 52245, 52246, 52247, 52248, 52249, 52271, 52272, 52273, 52274, 52275, 52276, 52278, 52279, 52281, 52282, 52283, 52284, 52285, 52287, 52288, 52294, 52296, 52297, 52311, 52312, 52313, 52314, 52315, 52316, 52317, 52319, 52321, 52322, 52323, 52324, 52325, 52326, 52327, 52328, 52329, 52341, 52342, 52343, 52344, 52345, 52346, 52347, 52348, 52349, 52351, 52352, 52353, 52354, 52355, 52356, 52357, 52358, 52359, 52371, 52372, 52373, 52374, 52375, 52376, 52377, 52378, 52381, 52382, 52383, 52384, 52385, 52386, 52387, 52388, 52389, 52391, 52392, 52393, 52394, 52395, 52411, 52412, 52413, 52414, 52415, 52417, 52418, 52419, 52421, 52422, 52423, 52424, 52425, 52426, 52427, 52428, 52429, 52431, 52432, 52433, 52434, 52435, 52436, 52437, 52438, 52441, 52442, 52443, 52444, 52445, 52447, 52448, 52449, 52451, 52452, 52453, 52454, 52455, 52456, 52457, 52458, 52459, 52461, 52462, 52463, 52464, 52465, 52466, 52467, 52468, 52469, 52471, 52472, 52473, 52474, 52475, 52476, 52477, 52478, 52481, 52482, 52483, 52485, 52486, 52487, 52488, 52489, 52492, 52493, 52494, 52495, 52496, 52498, 52499, 52588, 52591, 52592, 52593, 52594, 52595, 52596, 52597, 52599, 52612, 52613, 52614, 52615, 52616, 52618, 52621, 52622, 52623, 52624, 52625, 52626, 52627, 52628, 52629, 52631, 52632, 52633, 52634, 52635, 52636, 52637, 52638, 52639, 52641, 52642, 52643, 52644, 52645, 52646, 52647, 52648, 52649, 52651, 52652, 52653, 52656, 52658, 52659, 52661, 52662, 52664, 52665, 52667, 52668, 52669, 52671, 52672, 52673, 52674, 52675, 52676, 52677, 52686, 52687, 52694, 52695, 52697, 52698, 52711, 52712, 52713, 52714, 52715, 52716, 52717, 52718, 52721, 52722, 52723, 52724, 52725, 52726, 52727, 52728, 52731, 52732, 52733, 52734, 52735, 52736, 52737, 52738, 52739, 52741, 52742, 52743, 52744, 52745, 52746, 52747, 52748, 52749, 52751, 52753, 52754, 52755, 52756, 52757, 52758, 52759, 52761, 52762, 52763, 52764, 52765, 52766, 52767, 52768, 52769, 52771, 52772, 52773, 52774, 52775, 52776, 52777, 52778, 52779, 52781, 52782, 52783, 52784, 52785, 52786, 52789, 52791, 52797, 52821, 52823, 52824, 52825, 52826, 52828, 52829, 52831, 52832, 52833, 52834, 52835, 52836, 52841, 52842, 52844, 52845, 52846, 52861, 52862, 52864, 52866, 52867, 52868, 52869, 52871, 52872, 52873, 52877, 52878, 52891, 52892, 52894, 52897, 52899, 52913, 52914, 52916, 52917, 52918, 52919, 52921, 52922, 52923, 52924, 52932, 52933, 52934, 52936, 52937, 52938, 52951, 52953, 52954, 52958, 52961, 52962, 52963, 52964, 52965, 52966, 52967, 52968, 52969, 52971, 52981, 52982, 52983, 52984, 52985, 52986, 52987, 52988, 52991, 52992, 52993, 52994, 52995, 52996, 52997, 52998, 52999"
Mexico,0.080,"521, 52133, 52155, 52181, 521222, 521228, 521229, 521231, 521232, 521238, 521241, 521243, 521244, 521246, 521271, 521272, 521284, 521287, 521288, 521294, 521311, 521312, 521313, 521314, 521317, 521322, 521323, 521324, 521325, 521341, 521351, 521352, 521353, 521354, 521356, 521374, 521378, 521381, 521384, 521389, 521392, 521393, 521415, 521427, 521434, 521435, 521436, 521438, 521442, 521443, 521444, 521445, 521449, 521451, 521452, 521453, 521461, 521462, 521463, 521464, 521466, 521468, 521469, 521472, 521473, 521474, 521475, 521477, 521481, 521487, 521488, 521492, 521493, 521494, 521498, 521591, 521595, 521597, 521612, 521613, 521614, 521615, 521616, 521618, 521622, 521623, 521624, 521625, 521626, 521627, 521631, 521632, 521633, 521634, 521636, 521637, 521638, 521639, 521641, 521642, 521644, 521645, 521646, 521647, 521648, 521653, 521656, 521661, 521662, 521664, 521665, 521667, 521668, 521669, 521673, 521674, 521676, 521686, 521687, 521712, 521713, 521714, 521715, 521721, 521722, 521726, 521727, 521728, 521732, 521733, 521734, 521735, 521736, 521741, 521742, 521744, 521747, 521753, 521754, 521755, 521756, 521757, 521758, 521762, 521767, 521771, 521772, 521773, 521775, 521777, 521779, 521782, 521783, 521786, 521791, 521810, 521811, 521812, 521813, 521814, 521815, 521816, 521817, 521819, 521821, 521823, 521826, 521828, 521829, 521831, 521833, 521834, 521836, 521841, 521842, 521844, 521861, 521862, 521866, 521867, 521868, 521871, 521877, 521878, 521891, 521892, 521899, 521916, 521917, 521921, 521922, 521938, 521951, 521958, 521961, 521962, 521965, 521967, 521968, 521971, 521981, 521983, 521986, 521987, 521993, 521997, 521998, 521999, 5215510, 5215511, 5215512, 5215514, 5215519, 5215521, 5215522, 5215525, 5215526, 5215530, 5215531, 5215550, 5215551, 5215552, 5215553, 5215554, 5215555, 5215558, 5215559, 5215585, 5215591, 5218110, 5218180, 5218181, 5218182, 5218183, 5218184, 5218185, 5218186, 5218187, 5218188, 5218189"
Micronesia,0.395,691
Moldova,0.252,"373, 3735, 37321, 373210, 373215, 373216, 373219, 373533, 373552, 373555, 373557"
Moldova,0.301,"3736, 3737, 37368, 37369, 37377, 37378, 37379, 373600, 373650, 373671, 373672"
Monaco,0.071,377
Monaco,0.498,"3774, 3776, 3777, 37744, 37745, 37746, 37747"
Mongolia,0.288,"976, 9765, 9768, 9769, 97650, 97688"
Montenegro,0.231,382
Montenegro,0.474,"3826, 38263, 38267, 38268, 38269"
Montserrat,0.292,"1664, 1664412, 1664492"
"Morocco/Western Sahara",0.253,"212, 21222, 21237"
"Morocco/Western Sahara",0.446,"2121, 2124, 2125, 2126, 2127, 21210, 21211, 21212, 21213, 21214, 21215, 21216, 21217, 21218, 21219, 21226, 21227, 21233, 21234, 21240, 21241, 21242, 21244, 21245, 21246, 21247, 21248, 21249, 21250, 21251, 21252, 21253, 21254, 21255, 21258, 21259, 21260, 21261, 21262, 21263, 21264, 21265, 21266, 21267, 21268, 21269, 21270, 21271, 21272, 21273, 21274, 21275, 21276, 21277, 21278, 21279, 21292"
Mozambique,0.220,258
Mozambique,0.388,"2588, 25882, 25884"
Myanmar,0.559,95
Namibia,0.155,264
Namibia,0.456,"26481, 26485"
Nepal,0.284,"9771, 97714, 97715, 97716"
Nepal,0.325,"977, 97796, 97798, 97799"
Netherlands,0.030,31
Netherlands,0.100,"316, 318, 319, 31610, 31611, 31612, 31613, 31614, 31615, 31616, 31617, 31618, 31619, 31620, 31621, 31622, 31623, 31624, 31625, 31626, 31627, 31628, 31629, 31630, 31631, 31632, 31633, 31634, 31636, 31637, 31638, 31639, 31640, 31641, 31642, 31643, 31644, 31645, 31646, 31647, 31648, 31649, 31650, 31651, 31652, 31653, 31654, 31655, 31656, 31657, 31658, 31659, 31660, 31665, 31680, 31681"
"Netherlands Antilles",0.159,"599, 5999, 59954, 59994, 59998, 599525, 599582, 599583, 599589, 599715, 599717, 599718, 599950, 599973, 599974, 5993180, 5993182, 5993183, 5994160, 5994162, 5994163, 5994169, 5999720, 5999721, 5999722, 5999723, 5999763, 5999765, 5999766, 5999767, 5999777"
"Netherlands Antilles",0.172,"5993181, 5993184, 5993185, 5993186, 5993187, 5994161, 5994165, 5994166, 5994167, 5994168"
"Netherlands Antilles",0.188,"59955, 59970, 59978, 59979, 59996, 599318, 599416, 599510, 599520, 599521, 599522, 599523, 599524, 599526, 599527, 599580, 599581, 599586, 599587, 599588, 599750, 599770, 599778, 599951, 599952, 599953, 599954, 599955, 599956, 599961, 599966, 599967, 5995511, 5999630, 5999631"
"Netherlands Antilles",0.202,599969
"New Caledonia",0.440,"687, 6879, 68776, 68777, 68778, 68779, 68780, 68781, 68782, 68783, 68784, 68785, 68786, 68787, 68789"
"New Zealand",0.040,"64, 648, 649"
"New Zealand",0.100,642
Nicaragua,0.220,505
Nicaragua,0.310,"50532, 50533, 50537, 50538, 50545, 50546, 50547, 50567, 50568, 50574, 50575, 50581, 50586, 50587, 50588, 505805, 505806, 505807, 505893, 505894, 505895, 505896, 505897, 505898, 505899"
Nicaragua,0.346,"5054, 5056, 5058, 5059, 50535, 50536, 50540, 50541, 50542, 50543, 50544, 50548, 50549, 50550, 50577, 50580, 50589, 50590, 50591, 50592, 50593, 50594, 50595, 50596, 50597, 50598, 50599"
Niger,0.230,"227, 2272, 2278, 2279, 22740, 22742, 22743, 22746, 22747, 22748, 22749, 22750, 22752, 22753, 22755, 22756, 22757, 22758, 22759, 22762, 22763, 22766, 22767, 22790, 22793, 22794, 22796, 22797"
Nigeria,0.176,"2341, 2341290, 2341291, 2341292, 2341295, 2341342, 2341453, 2341454"
Nigeria,0.185,"234, 23447, 23457, 23470, 23477, 234703, 234705, 234706, 234708, 2342290, 2342291, 2343129, 2343829, 2344229, 2344266, 2344329, 2344628, 2344629, 2344666, 2344829, 2344888, 2345229, 2345529, 2346229, 2346529, 2346929, 2347025, 2347026, 2347040, 2347329, 2347629, 2348229, 2348244, 2348255, 2348366, 2348429, 2348430, 2348455, 2348466, 2348566, 2348729, 2348766, 2348777, 2348829, 2348866"
Nigeria,0.220,"23480, 23490, 234802, 234803, 234804, 234805, 234806, 234807, 234808"
"Northern Mariana Islands",0.106,1670
Norway,0.041,"47, 472"
Norway,0.280,"470, 478, 4702, 4703, 4704, 4705, 4706, 4707, 4708, 4709, 4759, 47591, 47592, 47599, 47810, 47815, 475900, 475901, 475902"
Norway,0.348,"474, 479, 4790, 4791, 4795, 47402, 47403, 47404, 47411, 47412, 47413, 47414, 47415, 47416, 47417, 47419, 47450, 47451, 47452, 47454, 47464, 47466, 47468, 47470, 47473, 47475, 47476, 47478, 47480, 47481, 47482, 47900, 47901, 47902, 47905, 47906, 47907, 47908, 47909, 47911, 47913, 47915, 47916, 47917, 47918, 47920, 47922, 47924, 47926, 47928, 47930, 47932, 47934, 47936, 47938, 47941, 47942, 47943, 47944, 47948, 47950, 47951, 47952, 47954, 47957, 47958, 47959, 47960, 47961, 47962, 47963, 47964, 47965, 47970, 47971, 47972, 47973, 47974, 47975, 47976, 47977, 47978, 47980, 47982, 47984, 47986, 47988, 47991, 47992, 47993, 47994, 47995, 47997, 47999, 474000, 474001, 474004, 474005, 474006, 474007, 474008, 474009, 474010, 474011, 474014, 474015, 474016, 474017, 474018, 474019, 474020, 474021, 474022, 474023, 474024, 474028, 474029, 474030, 474031, 474032, 474033, 474034, 474038, 474039, 474050, 474051, 474052, 474053, 474054, 474055, 474060, 474061, 474062, 474063, 474064, 474065, 474066, 474067, 474068, 474077, 474083, 474084, 474085, 474086, 474087, 474088, 474089, 474094, 474095, 474096, 474097, 474098, 474099, 474100, 474101, 474106, 474107, 474117, 474118, 474180, 474181, 474182, 474183, 474184, 474185, 474186, 474187, 474188, 474189, 474539, 474550, 474551, 474559, 474566, 474567, 474568, 474569, 474576, 474577, 474578, 474579, 474580, 474581, 474582, 474583, 474584, 474585, 474586, 474587, 474588, 474589, 474591, 474593, 474594, 474595, 474597, 474598, 474599, 474636, 474650, 474654, 474670, 474673, 474674, 474675, 474676, 474677, 474678, 474679, 474690, 474691, 474692, 474693, 474694, 474695, 474696, 474714, 474715, 474716, 474717, 474720, 474721, 474722, 474723, 474724, 474725, 474726, 474727, 474728, 474729, 474740, 474741, 474742, 474743, 474744, 474745, 474746, 474747, 474748, 474749, 474770, 474771, 474775, 474776, 474777, 474778, 474779, 474790, 474791, 474797, 474798, 474799, 474830, 474831, 474832, 474833, 474834, 474835, 474836, 474837, 474838, 474839, 474840, 474841, 474842, 474848, 474849, 474850, 474851, 474852, 474859, 474860, 474884, 474885, 474886, 474887, 474888, 474889, 474893, 474894, 474895, 474896, 474897, 474898, 474899, 479036, 479040, 479041, 479047, 479100, 479124, 479191, 479210, 479217, 479237, 479257, 479277, 479297, 479317, 479337, 479357, 479377, 479391, 479400, 479401, 479403, 479405, 479410, 479411, 479412, 479422, 479423, 479425, 479426, 479427, 479428, 479429, 479442, 479443, 479447, 479448, 479449, 479474, 479475, 479476, 479477, 479478, 479479, 479490, 479497, 479498, 479530, 479533, 479536, 479552, 479555, 479601, 479604, 479609, 479620, 479622, 479623, 479650, 479651, 479660, 479661, 479662, 479663, 479664, 479665, 479666, 479667, 479668, 479669, 479680, 479681, 479682, 479683, 479684, 479685, 479686, 479687, 479688, 479689, 479692, 479693, 479694, 479695, 479696, 479697, 479698, 479699, 479740, 479741, 479742, 479743, 479744, 479745, 479746, 479747, 479748, 479749, 479790, 479791, 479792, 479793, 479794, 479795, 479796, 479797, 479798, 479799, 479815, 479837, 479854, 479876, 479899, 479905, 479906, 479907, 479908, 479909, 479910, 479911, 479912, 479915, 479916, 479960, 479961, 479962, 479963, 479964, 479965, 479966, 479969, 479985, 479986, 479987, 479988, 479989, 4740825, 4740826, 4740827, 4740828, 4740829, 4748930"
Oman,0.237,968
Oman,0.270,9681505
Oman,0.299,9689
Pakistan,0.272,"92, 923, 9221, 9230, 9242, 9251, 92303"
Palau,0.597,"680, 680620, 680630, 680640, 680660, 680680, 680775, 680779"
"Palestinian Territory",0.280,"970, 9705, 97059"
Panama,0.043,5072
Panama,0.054,"507, 5073, 507430, 507431, 507433, 507441, 507442, 507443, 507445, 507446, 507447, 507448, 507449, 5074344, 5074440, 5074441, 5074442, 5074443, 5074444, 5074700, 5074701, 5074702, 5074703, 5074730, 5074731"
Panama,0.194,"5075, 5076, 50750, 50751, 50764, 507208, 507209, 507218, 507219, 507408, 507418, 507520, 507521, 507522, 507523, 507524, 507525, 507526, 507527, 507529, 507530, 507560, 507561, 507563, 507574, 507578, 507579, 507590, 507600, 507601, 507602, 507603, 507604, 507605, 507606, 507656, 507657, 507658, 507659, 507660, 507661, 507662, 507663, 507664, 507681, 507682, 507683, 507685, 507708, 507718"
Paraguay,0.138,59521
Paraguay,0.153,595
Paraguay,0.325,"5959, 595971, 595973, 595975, 595981, 595982, 595983, 595984, 595985, 595991, 595993, 595995"
Peru,0.049,"511, 5112, 5113, 5114, 5115, 5116, 5117, 5118"
Peru,0.082,"51, 511600, 514181, 514281, 514381, 514481, 515181, 515281, 515381, 515481, 515681, 516182, 516282, 516382, 516482, 516581, 516682, 516782, 517281, 517381, 517481, 518281, 518381, 518481"
Peru,0.130,"519, 51188, 51189"
Peru,0.395,"5119, 51418, 51419, 51428, 51429, 51438, 51439, 51448, 51449, 51518, 51519, 51528, 51529, 51538, 51539, 51548, 51549, 51568, 51569, 51618, 51619, 51628, 51629, 51638, 51639, 51648, 51649, 51658, 51659, 51668, 51669, 51678, 51679, 51728, 51729, 51738, 51739, 51748, 51749, 51768, 51769, 51828, 51829, 51838, 51839, 51848, 51849, 511988, 511990, 511995, 511996, 511999, 5119801, 5119802, 5119803, 5119850, 5119851, 5119852, 5119853, 5119854, 5119855, 5119856, 5119944, 5119945, 5119980, 5119984, 5119985, 5119986, 5119987, 5119988, 5119989, 51198005, 51198006, 51198007, 51198008, 51198009, 51198570, 51198571, 51198572, 51198573, 51198574, 51419419, 51429424, 51429426, 51429429, 51439430, 51439434, 51439436, 51439438, 51439439, 51449480, 51449484, 51449485, 51449486, 51449488, 51449489, 51449494, 51449495, 51449496, 51449498, 51449499, 51519510, 51519514, 51519515, 51519516, 51519518, 51519519, 51529526, 51529528, 51529529, 51549580, 51549585, 51549586, 51549588, 51549590, 51549594, 51549595, 51549596, 51549598, 51549599, 51569560, 51569564, 51569565, 51569566, 51569568, 51569569, 51619616, 51619619, 51629626, 51629629, 51649640, 51649644, 51649645, 51649646, 51649648, 51649649, 51659656, 51659659, 51669666, 51669668, 51739689, 51739690, 51739691, 51739692, 51739694, 51739695, 51739696, 51739698, 51739699, 51749789, 51749790, 51749791, 51749792, 51749794, 51749795, 51749796, 51749798, 51749799, 51769764, 51769765, 51769766, 51769767, 51769768, 51769769, 51839836, 51849845, 51849846, 51849848, 51849849, 514194189, 514394310, 514394311, 514394312, 514394313, 514394314, 514394315, 514394316, 514394317, 514394318, 514394378, 514394379, 514494810, 514494811, 514494812, 514494813, 514494814, 514494815, 514494816, 514494900, 514494901, 514494902, 514494903, 514494904, 514494905, 514494906, 514494978, 514494979, 515195090, 515195091, 515195092, 515195093, 515195094, 515195095, 515195096, 515195097, 515195098, 515295229, 515295250, 515295251, 515295252, 515295253, 515395352, 515395361, 515395363, 515395364, 515395366, 515395367, 515395368, 515395391, 515395392, 515395393, 515395394, 515395395, 515395396, 515395397, 515395398, 515395399, 515495840, 515495841, 515495842, 515495843, 515495890, 515495891, 515495892, 515495893, 515495894, 515495928, 515495929, 515695610, 515695611, 515695612, 516196150, 516196151, 516296250, 516296251, 516396360, 516396361, 516396362, 516396363, 516396364, 516396365, 516396369, 516396391, 516396392, 516396393, 516396394, 516396395, 516396398, 516396399, 516496470, 516496471, 516496472, 516496473, 516496474, 516496475, 516496476, 516496477, 516596580, 516696690, 516696691, 516696692, 516696693, 516696694, 516696695, 516696696, 516696697, 516696698, 516796765, 516796766, 516796768, 516796769, 516796798, 517297260, 517297261, 517297262, 517297263, 517297268, 517297269, 517297280, 517297281, 517297282, 517297283, 517297284, 517297285, 517297286, 517297290, 517297291, 517297292, 517297296, 517297297, 517297298, 517396880, 517396881, 517396882, 517396883, 517396884, 517396885, 517396886, 517396887, 517497880, 517497881, 517497882, 517497883, 517497884, 517497885, 517497886, 517497887, 517497888, 517697600, 518298260, 518298261, 518298268, 518298298, 518398398, 518398399"
Philippines,0.202,"63, 632, 63241, 63243, 63248, 63249, 632229, 632388, 632389, 632406, 632407, 632427, 632428, 632440, 632443, 632444, 632445, 632446, 632447, 632448, 632449, 632450, 632453, 632454, 632455, 632456, 632644, 632648, 632649, 632665, 632673, 632674, 632675, 632676, 632677, 632678, 632679, 632694, 632698, 632699, 635246, 635248, 635441, 635444, 635445, 635447, 635642, 638830, 6332313, 6332314, 6332315, 6332323, 6333300, 6333301, 6333302, 6333303, 6333304, 6336300, 6336301, 6338300, 6338301, 6346219, 6349231, 6349232, 6349233, 6349234, 6349240, 6349241, 6349242, 6349243, 6349244, 6349245, 6349246, 6349247, 6349248, 6349249, 6349250, 6349251, 6349252, 6349253, 6349254, 6349255, 6349256, 6349257, 6349258, 6349262, 6349263, 6349264, 6349265, 6349266, 6349267, 6349268, 6349269, 6352196, 6352403, 6352405, 6352406, 6352407, 6352408, 6352409, 6352435, 6352436, 6352490, 6352491, 6352492, 6352493, 6352494, 6353196, 6353321, 6353322, 6353323, 6353325, 6353327, 6353331, 6353332, 6353334, 6353335, 6353336, 6353337, 6353338, 6353341, 6353364, 6353381, 6353382, 6354196, 6354400, 6354401, 6354402, 6354403, 6354404, 6354495, 6354496, 6354497, 6354498, 6354499, 6355196, 6355251, 6355261, 6355271, 6355276, 6356430, 6356431, 6356432, 6356433, 6356434, 6356437, 6356438, 6356439, 6362301, 6362302, 6362303, 6362304, 6362305, 6362306, 6363209, 6365209, 6382196, 6382300, 6382301, 6382302, 6382303, 6382304, 6382305, 6382306, 6382307, 6383300, 6383301, 6383302, 6383303, 6383304, 6384300, 6384301, 6384302, 6384303, 6384304, 6384305, 6384306, 6384307, 6384822, 6384829, 6385214, 6385342, 6385343, 6385344, 6385345, 6385346, 6385815, 6385816, 6385817, 6385818, 6385819, 6385830, 6385831, 6385839, 6386300, 6386301, 6386302, 6386826, 6386828, 6386840, 6386841, 6386842, 6386843, 6386844, 6386845, 6386853, 6387300, 6387301, 6387808, 6387811, 6388310, 6388311, 6388312, 6388813, 6388828, 6388853, 6388854, 6388855, 6388856, 6388857, 6388858, 6388859, 6388861, 6388890, 63322091, 63322094, 63322097, 63322098, 63322099, 63323332, 63332194, 63332199, 63343091, 63343094, 63343099, 63352092, 63352094, 63352099, 63362093, 63362094, 63362095, 63362099, 63382094, 63382099, 63422092, 63422093, 63422094, 63422095, 63422096, 63422098, 63422099, 63422702, 63422703, 63422704, 63422705, 63422706, 63422707, 63432192, 63432193, 63432194, 63432195, 63432199, 63442094, 63452092, 63452093, 63452096, 63452099, 63472094, 63472095, 63472099, 63482092, 63492092, 63492093, 63492094, 63492099, 63522092, 63522093, 63522094, 63522095, 63522099, 63532092, 63532093, 63532094, 63532099, 63542092, 63542093, 63542094, 63542099, 63552193, 63552194, 63552199, 63562093, 63562094, 63562099, 63622093, 63622094, 63622096, 63622097, 63622099, 63622293, 63642091, 63642092, 63642093, 63642094, 63642095, 63642096, 63642097, 63642099, 63682094, 63682098, 63682099, 63722092, 63722093, 63742492, 63742493, 63742494, 63742495, 63742499, 63752094, 63752099, 63772193, 63772194, 63782592, 63782593, 63782594, 63782595, 63782596, 63823091, 63823092, 63823093, 63823094, 63823099, 63832094, 63832096, 63832097, 63832099, 63842092, 63842094, 63842099, 63852094, 63852095, 63852097, 63852099, 63862092, 63862093, 63862094, 63862099, 63882291, 63882292, 63882293, 63882294, 63882295, 63882296, 63882297, 63882299, 634227080, 634227081, 634227082, 634227083, 634227084"
Philippines,0.236,"639, 6398, 63817, 63905, 63906, 63907, 63908, 63909, 63910, 63912, 63915, 63916, 63917, 63918, 63919, 63920, 63921, 63922, 63923, 63926, 63927, 63928, 63929, 63932, 63933, 63935, 63937, 63938, 63973, 63974, 63979"
Poland,0.020,"48, 4822"
Poland,0.180,"4850, 4872, 48510, 48600, 48601, 48602, 48603, 48604, 48605, 48606, 48607, 48608, 48609, 48660, 48661, 48662, 48663, 48664, 48665, 48667, 48668, 48690, 48691, 48692, 48693, 48694, 48695, 48696, 48697, 48698, 48721, 48722, 48723, 48724, 48725, 48726, 48780, 48781, 48782, 48783, 48785, 48787, 48788, 48789, 48880, 48885, 48886, 48887, 48888, 48889, 487272, 487273, 487274, 487275, 487276, 487277, 487278, 487279, 487281, 487282, 487283, 487284, 487285, 487286, 487287, 487288, 487289, 487290, 487291"
Poland,0.180,"4851, 4860, 4864, 4866, 4869, 4878, 4879, 4888, 4890, 48669, 48784, 48786, 48790, 48791, 48792, 48793, 48794, 48795, 48796, 48797, 48798, 48799, 48882, 48884, 486660, 486661, 486662, 486663, 486664, 486665, 486667, 486668, 486669, 486995, 486997, 486998, 486999, 488811, 488818, 488833, 488838"
Portugal,0.030,"351, 35121, 35122"
Portugal,0.180,"3516, 3519, 35191, 35192, 35193, 35196, 351639, 351659, 3516091, 3516093, 3516096, 3516393, 3516593, 3516691, 3516693, 3516696"
"Puerto Rico",0.030,"1787, 1939"
Qatar,0.316,"974, 9742, 9743, 9745, 9746, 97412, 97465, 97466, 97467, 97468, 974124"
Reunion/Mayotte,0.405,"26292, 262692"
Reunion/Mayotte,0.596,"262, 262639, 262693"
Romania,0.064,"40, 4021"
Romania,0.281,"4072, 4073, 4074, 4075"
Romania,0.403,"407, 409, 4077, 4078"
Romania,0.439,4076
Russia/Kazakhstan,0.036,"7495, 7499, 7812"
Russia/Kazakhstan,0.197,"7, 75, 79, 7341, 7342, 7343, 7345, 7346, 7347, 7349, 7351, 7352, 7353, 7381, 7382, 7383, 7384, 7385, 7388, 7390, 7391, 7394, 7395, 7411, 7413, 7415, 7416, 7421, 7423, 7424, 7426, 7427, 7471, 7472, 7473, 7474, 7475, 7481, 7482, 7483, 7484, 7485, 7486, 7487, 7491, 7492, 7493, 7494, 7496, 7498, 7814, 7815, 7818, 7821, 7831, 7833, 7834, 7835, 7836, 7841, 7842, 7843, 7845, 7846, 7848, 7855, 7954, 73822, 73902, 73912, 73942, 73952"
Russia/Kazakhstan,0.218,"77, 730, 731, 732, 733, 771, 772, 773, 7301, 7302, 73012, 73022, 77112, 77122, 77172, 77182, 77212, 77232, 77252, 77262, 77272, 77273, 77292, 772139"
Russia/Kazakhstan,0.223,"770, 777, 7300, 7333, 7570, 7571, 7573, 7574, 7700, 7701, 7702, 7705, 7707, 7777, 77189, 77239, 77249, 77259, 77269, 77279, 731290, 731291, 731390, 731391, 731490, 731491, 731590, 731591, 731790, 731791, 731890, 731891, 732190, 732191, 732390, 732391, 732490, 732590, 732591, 732690, 732691, 732758, 732790, 732791, 732799, 772758"
Rwanda,0.199,250
Rwanda,0.297,25008
Samoa,0.680,"685, 6857, 6859"
"San Marino",0.063,378
"Saudi Arabia",0.130,"966, 9663, 96612, 96614, 96622, 96623, 96624, 96625, 96626, 96627, 96628, 96636, 96638"
"Saudi Arabia",0.170,"9665, 9668, 966135, 966800"
Senegal,0.254,221338
Senegal,0.316,221
Senegal,0.362,"2212, 2213, 2214, 2215, 2216, 2217, 22176, 22177"
Serbia,0.133,"381, 38111, 38128, 38129, 38138, 38139"
Serbia,0.185,3818
Serbia,0.378,"38167, 38169"
Serbia,0.482,"3816, 38160, 38161, 38162, 38163, 38164, 38165, 38166, 38168"
Seychelles,0.256,248
"Sierra Leone",0.631,"232, 23222, 23223, 23230, 23233, 23235, 23240, 23250, 23276, 23277, 23278, 23288"
Singapore,0.032,"65, 658, 659"
Slovakia,0.030,"421, 4212"
Slovakia,0.190,"4219, 421901, 421902, 421903, 421904, 421905, 421906, 421907, 421908, 421909, 421910, 421911, 421912, 421914, 421915, 421916, 421917, 421918, 421919, 421940, 421944, 421948, 421949"
Slovenia,0.084,386
Slovenia,0.448,3869814
Slovenia,0.483,38643
Slovenia,0.598,"38620, 38621, 38630, 38631, 38640, 38641, 38649, 38650, 38651, 38659, 38660, 38661, 38664, 38670, 38671, 38681, 38688"
Somalia,0.763,252
"South Africa",0.096,"27, 2711, 2712, 2721"
"South Africa",0.170,"277, 278, 2772, 2773, 2774, 2776, 2778, 2779, 2782, 2783, 2784, 2785, 27710, 27711, 27712, 27713, 27714, 27715, 27716, 27717, 27718, 27719, 2785100, 2785101"
Spain,0.017,34
Spain,0.045,"346, 3471, 3472, 3473, 3474, 34600, 34603, 34605, 34606, 34607, 34608, 34609, 34610, 34615, 34616, 34617, 34618, 34619, 34620, 34622, 34625, 34626, 34627, 34628, 34629, 34630, 34632, 34633, 34634, 34635, 34636, 34637, 34638, 34639, 34640, 34644, 34645, 34646, 34647, 34648, 34649, 34650, 34651, 34652, 34653, 34654, 34655, 34656, 34657, 34658, 34659, 34660, 34661, 34662, 34663, 34664, 34665, 34666, 34667, 34669, 34670, 34671, 34672, 34673, 34674, 34675, 34676, 34677, 34678, 34679, 34680, 34682, 34683, 34685, 34686, 34687, 34689, 34690, 34691, 34692, 34693, 34695, 34696, 34697, 34699, 346010, 346011, 346012, 346015, 346016, 346020, 346021, 346022, 346023, 346024, 346025, 346026, 346027, 346028, 346041, 346042, 346043, 346111, 346112, 346113, 346116, 346310, 346311, 346312, 346313, 346314, 346315, 346316, 346317, 346318, 346422, 346423, 346424, 346426, 346427, 346428, 346429, 346681, 346685, 346686, 346688, 346810, 346811, 346812, 346813, 346814, 346815, 346840, 346841, 346842, 346846, 346880, 346881, 346882, 346883, 346884, 346885, 346886, 346888, 346889, 346940, 346944, 346980, 346981, 346982, 346983, 346984, 346985, 346986, 346987, 346988, 346989, 347111, 347117, 347170, 347171, 347177, 347221, 347222, 347223, 347224, 347225, 347227, 347277, 347444, 347477, 347478"
"Sri Lanka",0.201,"94, 941, 947, 9471, 9472, 9473, 9475, 9476, 9477, 9478, 9479, 94112, 94114, 94115, 94212, 94214, 94215, 94232, 94234, 94235, 94242, 94244, 94245, 94252, 94254, 94255, 94262, 94264, 94265, 94272, 94274, 94275, 94312, 94314, 94315, 94322, 94324, 94325, 94332, 94334, 94335, 94342, 94344, 94345, 94352, 94354, 94355, 94362, 94364, 94365, 94372, 94374, 94375, 94382, 94384, 94385, 94412, 94414, 94415, 94452, 94454, 94455, 94472, 94474, 94475, 94512, 94514, 94515, 94522, 94524, 94525, 94542, 94544, 94545, 94552, 94554, 94555, 94572, 94574, 94575, 94601, 94632, 94634, 94635, 94652, 94654, 94655, 94662, 94664, 94665, 94672, 94674, 94675, 94812, 94814, 94815, 94912, 94914, 94915"
"St Kitts and Nevis",0.379,"1869, 1869556, 1869557, 1869558, 1869565, 1869566, 1869567, 1869660, 1869661, 1869662, 1869663, 1869664, 1869665, 1869667, 1869668, 1869669, 1869762, 1869763, 1869764, 1869765"
"St Lucia",0.341,"1758, 1758284, 1758285, 1758286, 1758287, 1758384, 1758460, 1758461, 1758481, 1758482, 1758484, 1758485, 1758486, 1758487, 1758488, 1758489, 1758518, 1758519, 1758520, 1758584, 1758638, 1758712, 1758713, 1758714, 1758715, 1758716, 1758717, 1758718, 1758719, 1758720, 1758721, 1758722, 1758723, 1758724, 1758784, 1758785"
"St Pierre and Miquelon",0.423,508
"St Vincent Grenadines",0.343,"1784, 1784386, 1784430, 1784431, 1784432, 1784433, 1784434, 1784435, 1784438, 1784454, 1784455, 1784491, 1784492, 1784493, 1784494, 1784495, 1784496, 1784497, 1784498, 1784526, 1784527, 1784528, 1784529, 1784530, 1784531, 1784532, 1784533, 1784593"
Sudan,0.229,"249, 2499, 24912"
Suriname,0.339,"597, 5971, 5974, 5976, 5977, 5978, 59771, 59775, 59781, 59782, 59783, 59785, 59786, 59787, 59788, 59789"
Swaziland,0.190,268
Swaziland,0.334,2686
Sweden,0.020,46
Sweden,0.080,"467, 4610, 4620, 4670, 4673, 4676, 46124, 46126, 46127, 46129, 46252, 46308, 46376, 46450, 46458, 46518, 46519, 46592, 46593, 46595, 46596, 46665, 46673, 46674, 46675, 46676, 46700, 46702, 46703, 46704, 46705, 46706, 46707, 46708, 46709, 46730, 46733, 46736, 46737, 46739, 46762, 46763, 467010, 467011, 467012, 467013, 467014, 467015, 467016, 467017, 467018, 467190, 467310, 467311, 467312, 467313, 467314, 467315, 467316, 467318, 467319, 467320, 467321, 467322, 467323, 467324, 467325, 467326, 467327, 467328, 467329, 467340, 467341, 467342, 467343, 467344, 467350, 467351, 467352, 467353, 467354, 467355, 467356, 467357, 467358, 467359, 467380, 467381, 467382, 467383, 467384, 467385, 467386, 467387, 467388, 467389, 467524, 467610, 467611, 467612, 467613, 467614, 467616, 467617, 467618, 467619, 467635, 467636, 467637, 467640, 467641, 467642, 467655, 467656, 467657, 467658, 467659, 467660, 467661, 467662, 467663, 467664, 467665, 467670, 467671, 467676, 467677, 467678, 467679, 467680, 467681, 467682, 467683, 467684, 467685, 467686, 467687, 467688, 467689, 467690, 467691, 467692, 467693, 467694, 467822, 4670190, 4670191, 4670195, 4670196, 4670197, 4670198, 4670199, 4673456, 4673461, 4676695, 4676696, 4676697, 4676698, 4676699, 467190001, 467190002, 467672673"
Switzerland,0.043,"41, 4122, 4143, 4144"
Switzerland,0.141,"4158, 4184, 4190"
Switzerland,0.381,"4176, 4178, 4179, 4186076, 4186078, 4186079"
Switzerland,0.675,"4120, 4174, 4177, 4180, 4186, 4199, 41774, 4186077, 41860774"
Syria,0.325,"963, 9639"
Taiwan,0.042,"886, 8862"
Taiwan,0.141,"8869, 88660, 88670, 886910, 886911, 886912, 886919, 886921, 886928, 886932, 886933, 886934, 886937, 886942, 886950, 886957, 886959, 886963, 886972, 886988"
Tajikistan,0.257,"992, 992372"
Tanzania,0.202,"255, 2557, 2558, 2559, 25522, 25575, 25576, 25577"
Thailand,0.038,"66, 661, 662, 666, 668, 669, 6630, 6631, 6633, 6640, 6646, 6647, 6648, 6649, 6650, 6651, 6652, 6657, 6658, 6659, 6670, 6671, 6672, 6678, 6679"
Togo,0.535,"228, 2289, 22801, 22802, 22803, 22804, 22805, 22806, 22807, 22808, 22809, 22881, 22882, 22886, 22887, 22890, 22891, 22892, 22893, 22894, 22895, 22896, 22897, 22898, 22899"
Tonga,0.562,676
"Trinidad and Tobago",0.250,"1868, 18683, 18687, 186829, 186830, 186831, 186832, 186833, 186834, 186835, 186836, 186837, 186838, 186839, 186840, 186841, 186842, 186846, 186847, 186848, 186849, 186868, 186871, 186872, 186873, 186874, 186875, 186876, 186877, 186878, 186879, 1868315, 1868316, 1868317, 1868318, 1868319, 1868410, 1868412, 1868413, 1868414, 1868415, 1868416, 1868417, 1868418, 1868419, 1868420, 1868421, 1868619, 1868620, 1868678, 1868701, 1868702, 1868703, 1868704, 1868705, 1868706, 1868707, 1868708, 1868709, 1868848, 1868874, 1868938"
Tunisia,0.308,216
Tunisia,0.666,"2162, 2169, 21679, 21690, 21691, 21692, 21693, 21694, 21695, 21696, 21697, 21698, 21699"
Turkey,0.061,"90212, 90216"
Turkey,0.064,90312
Turkey,0.089,"90, 90224, 90232, 90242, 90252, 90322, 90362, 90412, 90462"
Turkey,0.281,"905, 9050, 9053, 9054, 9055, 90532, 90533, 90534, 90535, 90536, 90537, 90542, 90543, 90544, 90545, 90546, 905338, 905428"
Turkmenistan,0.323,993
"Turks and Caicos Islands",0.395,"1649, 16493, 1649231, 1649232, 1649241, 1649242, 1649243, 1649244, 1649245, 1649249, 1649331, 1649332, 1649333, 1649341, 1649342, 1649343, 1649344, 1649354, 1649431, 1649432, 1649441, 1649442"
Uganda,0.262,"256, 2563, 2567, 25620, 25639, 25641, 25670, 25671, 25675, 25677, 25678, 256477"
Ukraine,0.159,"380, 38044, 38048, 38091, 38092, 38094, 380322, 380442, 380443, 380444, 380445, 380482, 380487, 380562, 380567, 380572, 380573, 380577, 3805637"
Ukraine,0.222,"38039, 38050, 38063, 38066, 38067, 38068, 38093, 38095, 38096, 38097, 38098, 38099"
"United Arab Emirates",0.250,"971, 9715, 97150, 97155"
"United Kingdom",0.017,"44, 443, 44203, 44207, 44208"
"United Kingdom",0.050,"44751, 44754, 44756, 44759, 447106, 447107, 447400, 447401, 447402, 447403, 447404, 447405, 447407, 447409, 447410, 447411, 447412, 447413, 447414, 447415, 447416, 447419, 447420, 447421, 447422, 447423, 447424, 447425, 447426, 447427, 447428, 447429, 447430, 447431, 447432, 447433, 447434, 447435, 447436, 447437, 447438, 447442, 447443, 447444, 447445, 447446, 447447, 447448, 447449, 447450, 447453, 447454, 447455, 447456, 447460, 447461, 447462, 447463, 447466, 447467, 447468, 447469, 447470, 447471, 447472, 447473, 447474, 447475, 447476, 447477, 447478, 447479, 447480, 447481, 447482, 447500, 447501, 447502, 447503, 447504, 447505, 447506, 447507, 447508, 447521, 447522, 447523, 447525, 447526, 447527, 447528, 447529, 447530, 447531, 447532, 447533, 447534, 447535, 447536, 447538, 447539, 447550, 447551, 447552, 447553, 447554, 447555, 447556, 447557, 447570, 447572, 447573, 447574, 447575, 447576, 447577, 447578, 447579, 447580, 447581, 447582, 447583, 447584, 447585, 447586, 447587, 447588, 447701, 447702, 447703, 447704, 447705, 447706, 447707, 447708, 447709, 447710, 447711, 447712, 447713, 447714, 447715, 447716, 447717, 447718, 447719, 447720, 447721, 447722, 447723, 447724, 447725, 447726, 447727, 447728, 447729, 447730, 447731, 447732, 447733, 447734, 447735, 447736, 447737, 447738, 447739, 447740, 447741, 447742, 447743, 447745, 447746, 447747, 447748, 447749, 447750, 447751, 447752, 447753, 447754, 447756, 447757, 447758, 447759, 447760, 447761, 447762, 447763, 447764, 447765, 447766, 447767, 447768, 447769, 447770, 447771, 447772, 447773, 447774, 447775, 447776, 447778, 447779, 447780, 447782, 447783, 447784, 447785, 447786, 447787, 447788, 447789, 447790, 447791, 447792, 447793, 447794, 447795, 447796, 447798, 447799, 447800, 447801, 447802, 447803, 447804, 447805, 447806, 447807, 447808, 447809, 447810, 447811, 447812, 447813, 447814, 447815, 447816, 447817, 447818, 447819, 447820, 447821, 447823, 447824, 447825, 447826, 447827, 447828, 447830, 447831, 447832, 447833, 447834, 447835, 447836, 447837, 447838, 447840, 447841, 447842, 447843, 447844, 447845, 447846, 447847, 447848, 447849, 447850, 447851, 447852, 447853, 447854, 447855, 447856, 447857, 447858, 447859, 447860, 447861, 447862, 447863, 447865, 447866, 447867, 447868, 447869, 447870, 447871, 447875, 447876, 447877, 447878, 447879, 447880, 447881, 447882, 447883, 447884, 447885, 447886, 447887, 447888, 447889, 447890, 447891, 447894, 447895, 447896, 447897, 447898, 447899, 447900, 447901, 447902, 447903, 447904, 447905, 447906, 447907, 447908, 447909, 447910, 447912, 447913, 447914, 447915, 447916, 447917, 447918, 447919, 447920, 447921, 447922, 447923, 447925, 447926, 447927, 447928, 447929, 447930, 447931, 447932, 447933, 447934, 447935, 447936, 447938, 447939, 447940, 447941, 447942, 447943, 447944, 447945, 447946, 447947, 447948, 447949, 447950, 447951, 447952, 447953, 447954, 447955, 447956, 447957, 447958, 447959, 447960, 447961, 447962, 447963, 447964, 447965, 447966, 447967, 447968, 447969, 447970, 447971, 447972, 447973, 447974, 447975, 447976, 447977, 447979, 447980, 447981, 447982, 447983, 447984, 447985, 447986, 447987, 447988, 447989, 447990, 447999, 4470000, 4470004, 4470005, 4470006, 4470007, 4470020, 4470022, 4470023, 4470024, 4470025, 4470027, 4470028, 4470029, 4470740, 4470741, 4470742, 4474170, 4474173, 4474174, 4474175, 4474400, 4474401, 4474402, 4474403, 4474404, 4474405, 4474406, 4474407, 4474408, 4474590, 4474591, 4474592, 4474593, 4474594, 4474595, 4474596, 4474597, 4474598, 4474599, 4475374, 4478640, 4478641, 4478642, 4478643, 4478645, 4478646, 4478647, 4478648, 4478649, 4478720, 4478721, 4478723, 4478724, 4478725, 4478726, 4478728, 4478729, 4478731, 4478732, 4478733, 4478734, 4478735, 4478736, 4478737, 4478738, 4478739, 4478740, 4478741, 4478742, 4478743, 4478746, 4478747, 4478748, 4478749, 4478923, 4478924, 4478926, 4478927, 4478928, 4478929, 4478932, 4478934, 4478935, 4478936, 4478937"
"United Kingdom",0.320,"447, 4470, 44843, 44844, 44845, 44870, 44871, 44872, 44873, 4478360, 4478361, 4478369"
"United States",0.020,1808
"United States",0.020,"1800, 1844, 1855, 1866, 1877, 1888"
"United States",0.020,1
"United States",0.110,1907
Uruguay,0.110,5982
Uruguay,0.138,598
Uruguay,0.375,"5989, 59894, 59895, 59896, 59898, 59899"
Uzbekistan,0.146,"998, 9989, 998711, 998712, 998713"
"Vatican City",0.043,379
Venezuela,0.040,58212
Venezuela,0.100,"58, 58241, 58261"
Venezuela,0.250,"584, 58412, 58414, 58416, 58424, 58426"
Vietnam,0.087,"84, 844, 848, 8480, 8481, 8485, 8488, 8489"
Vietnam,0.129,"849, 8412, 8416, 8490, 8491, 8493, 8494, 8497, 8498, 84121, 84122, 84123, 84125, 84126, 84127, 84128, 84162, 84163, 84164, 84165, 84166, 84167, 84168, 84169"
"Virgin Islands, British",0.360,"1284, 128434, 1284300, 1284301, 1284302, 1284303, 1284440, 1284441, 1284442, 1284443, 1284444, 1284445, 1284446, 1284468, 1284499, 1284540, 1284541, 1284542, 1284543, 1284544, 1284545, 1284546, 1284547, 12844689, 12844960, 12844966, 12844967, 12844968, 12844969"
"Virgin Islands, U.S.",0.040,1340
Yemen,0.253,"967, 9671, 9677, 96771, 96773, 96777"
Zambia,0.115,260
Zambia,0.328,"2609, 26095, 26096, 26097"
Zimbabwe,0.159,263
Zimbabwe,0.517,"26311, 26323"
Zimbabwe,0.780,26391
